,date,text
0,Thu Nov 11 23:59:58 +0000 2021,"Bloomberg: 

‚ÄúModerna acknowledged the company‚Äôs vaccine does appear linked to increased chances of an inflammatory heart condition known as myocarditis in young men.‚Äù

Moderna share price down 34% in 11 days.

https://t.co/Nb8tFlSIDp"
1,Thu Nov 11 23:54:48 +0000 2021,"Please find the vaccination schedule for 9th November'21, 18 years and above, 10:00 am to 5:00 pm.

1‚É£ 1st and 2nd both dose of Covisheild will be administrated mentioned on above sites, Please refer to the screenshot. https://t.co/ilXqpwyccs"
2,Thu Nov 11 23:54:12 +0000 2021,"Please find the vaccination schedule for 10th November'21, 18 years and above, 10:00 am to 5:00 pm.

1‚É£ 1st and 2nd both dose of Covisheild will be administrated mentioned on above sites, Please refer to the screenshot. https://t.co/YEqYjj1RR3"
3,Thu Nov 11 23:52:01 +0000 2021,"Moderns vaccine has caused heart problems.

Moderna Defends Covid Shot as Questions on Heart Risks Mount https://t.co/WYGtjkZ4CK"
4,Thu Nov 11 23:30:32 +0000 2021,"Tonight at 20:00 ET, the new episode of #TheNightShow will premiere: ""Pfizer CEO, Highlights Of Rittenhouse Trial And Much More"" 

*Remember to give a like and subscribe to The Night Show to support us.
https://t.co/IOw2MHDNf8"
5,Thu Nov 11 23:07:40 +0000 2021,"VACCINE CLINICS
Friday, November 12
9:00 am-1:00 pm
Pfizer/J&amp;J/Moderna [1st/2nd/3rd doses/Boosters for those who qualify] and Flu (for all adults and children over the age of 6 months)
St Joseph's House-Hospitality
1635 Bedford Ave Pittsburgh, 15219 https://t.co/AhCKndDU0k"
6,Thu Nov 11 23:00:02 +0000 2021,"Reiner Fuellmich and the mRNA vaccine inventor discuss the Nuremberg trials üëáüëá

Full interview (starts at 2:21:00)
https://t.co/0iqOxHyDRz

#Nuremberg2 #PfizerVaccine #Moderna #CrimesAgainstHumanity https://t.co/zzjiYFlSBd"
7,Thu Nov 11 22:57:09 +0000 2021,Moderna Defends Covid Shot as Questions on Heart Risks Mount https://t.co/nh1gAnXWTi
8,Thu Nov 11 22:49:19 +0000 2021,"Moderna Says COVID-19 Vax Associated With Fewer Cases Than Pfizer's, But Higher Inflammatory Heart Conditions https://t.co/aTqGvh2XCF"
9,Thu Nov 11 22:46:25 +0000 2021,Riverside is hosting a vaccination clinic this Saturday from 10:00-1:30pm. Details are below. @RPS535 @RiversideOtters https://t.co/vM41F56Mn2
10,Thu Nov 11 21:47:07 +0000 2021,"@c0mf0rta61ynum6 @USA_CheapSeats @RBReich It‚Äôs a cure for the virus not a vaccine! If it is in the Pfizer‚Äôs new pill and cost 700.00 it‚Äôs is a scam but if you can give it as a treatment for humans why not but it doesn‚Äôt need to be sold as a pill !
This is so a scam by Pfizer !"
11,Thu Nov 11 21:40:12 +0000 2021,#Moderna Defends Covid Shot as Questions on Heart Risks Mount https://t.co/htITmk4lxS
12,Thu Nov 11 21:22:33 +0000 2021,"Back @HamiltonLibrary Barton Branch

üóì Saturday November 13
‚è∞ 12:00-3:00
üíâPfizer
üôãüèæEveryone 12+
üìç571 Barton St E 

?? about the vaccine? Drop by and chat with our medical team

Need help with transportation? Email: Covidvaccine@newcomerhealth.ca
#hamont #covidvacccine https://t.co/ssRq3boJQF"
13,Thu Nov 11 20:42:40 +0000 2021,"@FD2you @AristotleMrs @RoyPentland @DawnTJ90 @DanielA84612544 @StormSignalSA @Michael_D_Crow @thinks_about_it @Climatehope2 @Sir_Kaz_Cow @Gordon_DHG @Narvuntien @PeterWh93433247 @Canadianworker2 @WinWithScience @pckrs1 @Nodilbit @JoeShaw111 @omnisophos @insane_voice @ejwwest @TheDisproof @RieneRichard @Robert76907841 @25_cycle @bomac_macbo @philamina95 @Buster88072979 @IanDJbrown2 @Tony__Heller @MikeDel21893959 @MathewMoisture @rdqBlueRidge @rln_nelson @CazB52 @1Astroturf @wildweatherdan @ronne_robert @Mark_A_Lunn @wilescape @GeoConservative @RobMeekel @GeraldKutney @cjtjgeol @PeZzy @JFowles123 @TyotoRiffle @CliveScott18 @BridgetHolmstro @obannan Fauci is/was scientific leader &amp; Director of (NIAID) &amp; (NIH).

(NIH) is alleged to own half the key patent for Moderna‚Äôs COVID vaccine.

‚ÄúNIH regulations let agency scientists collect up to $150,000.00 annually in royalties.‚Äù

https://t.co/AqCYgWoMtl"
14,Thu Nov 11 20:40:27 +0000 2021,"All the Poor People in Africa who have No Home, No Income, No Food or Health Care can now buy Moderna Vaccine for $7.00 . . . a Shot? 
Offered by a Morally BanKrupt Corpoation? 
 
How can a Multi-National Corporation justify Charging for Vaccine in the midst of a Global Pandemic?"
15,Thu Nov 11 20:39:53 +0000 2021,"ATTENTIONüö®
Are you within Lira City‚ÅâÔ∏è We‚Äôll this Monday 15th November 2021, Front Page Lounge in conjunction with Nile Breweries Limited will be conducting and Open #COVID19 Vaccination Exercise at Front Page Lounge starting at 9:00 AM.
#GetVaccinatedUg https://t.co/GEC2wAmaxq"
16,Thu Nov 11 20:18:53 +0000 2021,"This is our Pfizer jab here in NZ, folks!

Taiwan halts 2nd-dose BioNTech vaccinations for ages 12-17 amid concerns of myocarditis | Taiwan News | 2021-11-10 15:42:00 https://t.co/DDvhYmwNFD"
17,Thu Nov 11 20:09:43 +0000 2021,"In continuing to work to bless the Victoria Village community, ETCBC is partnering with St. Jude Anglican Church and Toronto Public Health on Wed Nov 17, 10:00 a.m. - 4:00 p.m. for another pop-up vaccination clinic. @samwkmo"
18,Thu Nov 11 19:26:35 +0000 2021,"Taiwan suspends 2nd doses of Pfizer for teens over health risk
Published: 11 Nov 2021 | 19:00 GMT
Taiwan suspends 2nd doses of Pfizer for teens over health risk
¬© Reuters / Dado Ruvic"
19,Thu Nov 11 19:16:53 +0000 2021,"Join our LIVE webinar! Discover the opportunities of #RWE with:

Dr. Miren Taberna CSO at Savana, Prof. Jennifer Quint Programme Lead RWE at BREATHE and Angela Serv√°n EMEA Medical Advisor at Janssen.

üî¥ Raising the bar on RWE
‚è∞ Friday 19 - 12:00 GMT

‚û°Ô∏èhttps://t.co/wYi5PrTs4l https://t.co/wAFeSNxZzz"
20,Thu Nov 11 19:13:36 +0000 2021,"Join ONS and our @NewAmerica friends @AlexMStark  and @natsecHeather next Thursday from 6:00-8:00 PM at @thedirtygoosedc to celebrate our 2021 Out Leaders and New Voices honorees.üè≥Ô∏è‚Äç‚ößÔ∏èüè≥Ô∏è‚Äçüåà 

(proof of vaccination required.)"
21,Thu Nov 11 19:07:15 +0000 2021,"@craigymcmillan At 11am on 1th of 11th 2021 I has an appointment for my flu vaccination. I asked the nurse if we could observe the two minutes silence. ""Of course"", she said. ""don't scream!"".
Fortunately the deed was done by 2min to 11:00."
22,Thu Nov 11 18:45:07 +0000 2021,"ADVERSE VAX REACTIONS ARE REAL: Moderna defends Covid Shot as questions on ‚ÄúHeart Risks‚Äù mount! 
#Moderna
#Myocarditis 
#VaxHeartRisks 
https://t.co/TXZnfjIcC3"
23,Thu Nov 11 18:45:04 +0000 2021,"Earnings for Fri, Nov 12 (BEFORE THE üîî)

$AZN AstraZeneca PLC ‚è∞ BMO
üéØ - EPS: $0.63 | Rev: $10.03 B

$CPNG Coupang, Inc. ‚è∞ BMO
üéØ - EPS: ($0.10) | Rev: -

$MDNA Medicenna Therapeutics Corp. ‚è∞ 7:00 AM ET
üéØ - EPS: ($0.09) | Rev: $0.00 M"
24,Thu Nov 11 18:33:40 +0000 2021,"Hop on the #GOVAXX bus for your 1st or 2nd dose of a #COVID19 vaccine. 
üíâ Saturday, November 13th ‚Äì Canboro Community Centre ‚Äì 7 Darling St. Dunnville ON 11:00 a.m. ‚Äì 5:00 p.m.
Ages 12+. Pfizer. No appointment needed. https://t.co/ufvLa8MZhn https://t.co/p0mADoFdL1"
25,Thu Nov 11 18:30:22 +0000 2021,Tonight is the first #Avs game that will be requiring proof of vaccination to attend. It looks like there‚Äôs some additional check points set up outside the entrances. Be sure to plan for a little extra time getting in if you‚Äôre planning on being in attendance. Game starts at 7:00
26,Thu Nov 11 18:23:39 +0000 2021,"Our vaccination team will be based at Anne Street Clinic in Denton today from 09:30 until 15:00 for flu vaccinations. Please pop along, no appointment needed. #fluvaccine #GetVaccinated #keepsafe"
27,Thu Nov 11 18:16:28 +0000 2021,"üí•üí•BREAKINGüí•üí•

The Die Is Cast. 

Join the REAL &amp; PROPER debate on Mandatory Covid Vaccination. 

Featuring Science, Ethics &amp; Law. 

Walala. Wasala üí•üí•üí•

A chance to pose your own questions &amp; have them answered by experts. Do it now.

Thursday, 18 Nov 2021
Time: 16:00 https://t.co/Gm9Vh3mk6n"
28,Thu Nov 11 18:05:08 +0000 2021,"Free COVID-19 vaccination clinic at the Dan Dipert Career and Technical Center SAT, 11/13, 10:00-2:00. 2101 Browning Drive, 76010. For anyone eligible for COVID-19 vaccinations or booster shots.
Moderna, Pfizer, and J&amp;J available. Bring proof of age for minors and ID for adults. https://t.co/kbLFhDyUgu"
29,Thu Nov 11 17:27:32 +0000 2021,Tokens will be issued from 9.00 AM and vaccination shall start from 10.00 AM
30,Thu Nov 11 17:02:50 +0000 2021,"Join Us Tomorrow for our first Children's Pfizer COVID-19 Vaccine Clinic. 5-11 years. 
9:30 AM - 4:00 PM
Schedule your child's appointment today at (801)486-4877. 
By appointment Only!

Must be a registered client of the UICSL. 
Parent/Guardian must be present during vaccination. https://t.co/y1CCIPz6Is"
31,Thu Nov 11 16:59:49 +0000 2021,"Vaccination Opportunity to take place today at Ogden Elementary School on November 11, 2021 from 8 am - 4:00 pm. Click link for more information.
Ages 5-11: https://t.co/xIlz3aG1li
Ages 12 and up: https://t.co/qtOonObqYi
@AshleyJ146_ @roberson_je @GomezTempleton @Aldine_FACE"
32,Thu Nov 11 16:54:15 +0000 2021,Moderna Defends Covid Vaccine Against Myocarditis Issue https://t.co/YhN1U3VeGl
33,Thu Nov 11 16:15:08 +0000 2021,There will be a Pediatric COVID-19 Vaccination Clinic on November 18th from 4:00-6:30PM at Indian River Intermediate School.  The North Country Family Health Center will be offering Pfizer 1st dose COVID-19 vaccines for ages 5-11 as well as 12 and up. https://t.co/koB70n1aVV
34,Thu Nov 11 16:14:21 +0000 2021,"Eastern Regional High School will serve as a Covid-19 and Flu Shot Vaccination Site on Nov. 11, 2021 from 3:00 pm - 6:00pm in our 500 Cafeteria; Moderna and Pfizer boosters will be given. The vaccine is also available for kids age 5-11. https://t.co/XVo3XJha3r"
35,Thu Nov 11 16:13:27 +0000 2021,"Vaxx $$$&gt;Health
Moderna Defends Covid Shot as Questions on Heart Risks Mount https://t.co/HJZQcVGbaw"
36,Thu Nov 11 16:02:44 +0000 2021,"$BNTX [15s. delayed]: Issued Press Release on November 11, 11:00:00: Zipline, Pfizer and BioNTech Collaboration Paves the Way for Automated, On-Demand Delivery of First mRNA COVID-19 Vaccines in Ghana https://t.co/tZygmFEOeK"
37,Thu Nov 11 15:51:19 +0000 2021,"We will reopen tomorrow, November 12th at 8:30AM.Friday Clinic Hours:

8:30AM-10:30AM Pfizer and Moderna Booster Clinic at NVHD (Seymour)

10:00-12:00PM Flu Clinic at Beacon Falls Town Hall"
38,Thu Nov 11 15:39:19 +0000 2021,"There is a COVID-19 vaccination clinic for children ages 5 to 11 from 4:00 p.m. to 6:00 p.m. today at Young Woods Elementary School, 674 Prairie Ave, Providence. Register here: https://t.co/CotUMafuCz https://t.co/GpnBtglEDc"
39,Thu Nov 11 15:37:11 +0000 2021,"Haliburton Vaccination Clinic
Saturday, November 13th, 10:00 - 5:00
Haliburton Highlands Secondary School - Athletic Center
Book appointments and check eligibility here: 
https://t.co/mRGHFg8ADC
1st. 2nd and 3rd doses available https://t.co/aWS0Q6WgXX"
40,Thu Nov 11 15:00:53 +0000 2021,"#COVID-19 #VACCINE POP-UP CLINIC

MONDAY, Nov 15, 3:00 PM - 6:00 PM

Appointments: Call or Text: (323) 203-9302
WALK-INS WELCOME!

Moderna, Pfizer, &amp; J&amp;J.
Boosters for 65+ and Immune-compromised individuals.

El Nido Family Centers, 2069 W Slauson Ave, 90047
@WeAreLAHealth https://t.co/RD8Ty9ybFm"
41,Thu Nov 11 14:34:42 +0000 2021,First lady Jill Biden and Surgeon General Vivek Murthy kick off kids vaccination campaign https://t.co/J9hQMFfAlF
42,Thu Nov 11 14:30:21 +0000 2021,Every adult in the U.S. could soon be eligible for a Pfizer COVID-19 booster shot ‚Äî including people who got the Moderna or J&amp;J vaccine for their first doses. https://t.co/PawZNKMpQv https://t.co/JBODx2I6tU
43,Thu Nov 11 14:30:01 +0000 2021,"Green Bay Packers quarterback Aaron Rodgers has been fined ‚Äî not for misleading statements regarding his vaccination status ‚Äî but for attending a party while unvaccinated. 

The team has also been fined. https://t.co/BYTLso1FMa https://t.co/LSAeajCnMB"
44,Thu Nov 11 14:08:03 +0000 2021,"Pfizer Asks FDA to Approve Booster Shots for All U.S. Adults - https://t.co/ZY6OaDrvA5{ 
Title: Pfizer Asks FDA to Approve Booster Shots for All U.S. AdultsCategory: Health NewsCreated: 11/10/2021 12:00:00 AMLast Editorial Review: 11/10/2021 12:00:00 AM

https://t.co/Ennl5j9K8d"
45,Thu Nov 11 13:56:37 +0000 2021,"Join us on 18 Nov, 14:00 CET, at the final event in our Transforming #Vaccination 2021 series, where we will launch a FIP Commitment to Action on sustainable &amp; equitable access to #vaccines through #pharmacy. Register now!

https://t.co/WjGGrYAHbF https://t.co/nzylLWEGQq"
46,Thu Nov 11 13:38:59 +0000 2021,"TONIGHT: @IDK ‚Äì USEE4YOURSELF TOUR with special guest @AmeerVann, presented by @its1833! Tickets available at the door.

Doors 7:00 PM / Show 8:00 PM

ùëÖùëíùëöùëñùëõùëëùëíùëü: proof of full vaccination required for entry. Full policy: https://t.co/z5QVKvR1O1 https://t.co/Jai8frvczD"
47,Thu Nov 11 13:26:54 +0000 2021,Reminder: The Health Department and the vaccination clinic at the 4H Fairgrounds are CLOSED today in honor of Veterans' Day. The County will resume normal business hours at 8:00 a.m. tomorrow. https://t.co/7FoJM7StQL
48,Thu Nov 11 13:22:50 +0000 2021,"Our next Matrons Conference is 24 Nov 14:00-16:00. Fantastic talks on Integrating Genomics the Vaccination Programme &amp; Patient Experience with
@charlottemcardl 
@nicholaverstra1 
@SigsworthJanice 
Dr Nikki Kanani
@Eduarda46141563 
@WinnySings 
E:england.matrons@nhs.net
#teamCNO"
49,Thu Nov 11 13:21:16 +0000 2021,"@bigian64 Agreed, I do agree that the world is over populated but this isn‚Äôt the way forward, I had read of women having babies in the US just to have the abortion because they where getting paid $75.00 by companies like Pfizer ( they weren‚Äôt mentioned by name) for the Fetas, That‚Äôs wrong!"
50,Thu Nov 11 13:17:18 +0000 2021,"900,000 kids receive first Pfizer vaccine dos... - CBS News ‚Å¶@BebetoDice‚Å© ‚Å¶@csarahmotat‚Å© ‚Å¶@xsaezll‚Å©  https://t.co/8iRo4APs6d"
51,Thu Nov 11 13:09:00 +0000 2021,"FREE VACCINES! 12 and up! All Doses! Walk-in!
11/11Berlin Mall, 282 Berlin Mall Rd.
8:00 am - 6:00 pm Berlin Pfizer (Ages 12+), Moderna, Johnson &amp; Johnson

11/11Barre Town EMS, 4 McLaughlin Rd.
3:00 pm - 5:00 pm East BarrePfizer (Ages 12+), Moderna, Johnson &amp; Johnson https://t.co/CWwHAltNcr"
52,Thu Nov 11 13:03:53 +0000 2021,"""Taiwan halts 2nd-dose BioNTech vaccinations for ages 12-17 amid concerns of myocarditis | Taiwan News | 2021-11-10 15:42:00"" https://t.co/HF5Bc1IHu2 #Menadel #Psicolog√≠a TAIW√ÅN DETIENE LAS VACUNarnCIONES PFIZER POR MIOCARDITIS

TAIPEI (Taiwan News) - Chen Shih-chung (Èô≥ÊôÇ‰∏≠) ‚Ä¶"
53,Thu Nov 11 12:56:17 +0000 2021,"Urgent Vacancy 

Role: Housekeeper 
industry: Hospital 

Location: Lekki phase one 

Minimum qualification: SSCE/OND

preferably female, and must have taken the Covid-19 vaccination. Must live within close proximity of the location 

Salary: #35,000.00

DM  Cv to 08166681915"
54,Thu Nov 11 12:43:38 +0000 2021,"$DCGO [15s. delayed]: Issued Press Release on November 11, 07:35:00: DocGo Launches Full-Service Program to Help Employers Comply with OSHA's COVID-19 Vaccination and Testing Emergency Temporary Standard https://t.co/HgHHY8Z87X"
55,Thu Nov 11 12:40:26 +0000 2021,"Just a reminder that Hydroxychloroquine and Ivermectin were banned due to limited scientific data, even though it was perfectly safe for human consumption, whilst Pfizer and AstraZeneca were rolled out for emergency use with no scientific data at all. That's the tweet. I'm out"
56,Thu Nov 11 12:36:34 +0000 2021,"COVID-19 UPDATE:

-110.23 cr vaccine doses have been administered so far under Nationwide Vaccination Drive

-13,091 new cases in last 24 hrs

-Recovery Rate currently at 98.25%; Highest since March 2020

-13,878 recoveries in last 24 hrs increases Total Recoveries to 3,38,00,925"
57,Thu Nov 11 12:32:44 +0000 2021,"November 13th
 From 13:00 to 17:00, near Hankyu Nishinomiya Kitaguchi Station, at Actor West Building
 We will hand out leaflets against vaccination ‚ò∫

 Please come if you like ‚ú®
 It may be cold, so please wear warm clothes. https://t.co/4DVSu7Tmtw"
58,Thu Nov 11 12:25:35 +0000 2021,"80,000 adverse reactions to the COVID19 vaccination since rollout in February. Failure to be vaccinated and attempt to go to work to earn a living will result in being fined $20,000.00. #AustraliaHasFallen @UnitedAusParty https://t.co/KiGoubPQ9G"
59,Thu Nov 11 11:57:45 +0000 2021,Taiwan's inability to reach 80% vaccination rate means closed borders for rest of year | Taiwan News | 2021-11-09 12:22:00 https://t.co/CzJPgYWkOI
60,Thu Nov 11 11:41:21 +0000 2021,"üö®In case you missed it!

We're hosting a webinar this evening (17:00) alongside @ORRECO1 's @pedlarcr and @GBruinvels around Iron and the Female Athlete

Register here ‚è©https://t.co/VuqIMjdfBp

‚è∞09:00 PT, 12:00 EST, 17:00 IRL/UK

Send your Q's in to fitrwoman@orreco.com üì® https://t.co/QIA496jRch"
61,Thu Nov 11 11:11:29 +0000 2021,"UPDATE: The Albay Provincial Health Office (APVOC) informed on Thursday, November 11 that people from 12-17 years old who receive confirmation of their COVID19 vaccination are advised to get their first shot at Albay Astrodome tomorrow from 8:00 am to 4:00 pm only.

Source: APVOC https://t.co/VI8j6EJCTU"
62,Thu Nov 11 11:04:15 +0000 2021,"Date-12/11/2021

Time - 9.00am to 5.00pm

Age group -18+

Onspot
Covishield
1st dose -100
2nd dose -100

Onspot 
Covaxin
1st dose-100
2nd dose-100

Note-  Punjabi Gali Diagnostic Covid-19 Vaccination Centre  Open from 7.00 am to 11.00 pm.

@mybmc https://t.co/LLI96jkw9A"
63,Thu Nov 11 10:49:45 +0000 2021,"Please find the vaccination schedule for 12th November'21, 18 years and above, 10:00 am to 5:00 pm.

1‚É£ 1st and 2nd both dose of Covisheild will be administrated mentioned on above sites, Please refer to the screenshot. https://t.co/WD5ARsxZDO"
64,Thu Nov 11 10:43:55 +0000 2021,"Have lunch with us on Monday, November 29th online to discuss the future requirements of the COVID-19 vaccination in the #EU at work.

Join us on teams on November 29 at 12.00 via the link below, where you can also read more about the event.

https://t.co/r9CJ04y1X9"
65,Thu Nov 11 10:24:10 +0000 2021,"FLU VACCINATION CLINICS
Sidley Surgery has a Flu Vaccination Clinic on:
Saturday 27th November 08:00-12:30
Please contact or visit our surgery premises to make an appointment.
Other weekday clinics are available but there is less availability"
66,Thu Nov 11 10:02:42 +0000 2021,"Ennismore Craft &amp; Vendor Show! 
This Saturday, November 13th &amp; Sunday, November 14th from 11:00 AM to 4:00 PM in the upper level of the Ennismore Community Centre (553 Ennis Road)

$2.00 entry per person
Proof of vaccination required https://t.co/MSS4VH8bj4"
67,Thu Nov 11 09:53:35 +0000 2021,Vaccinated! üíâ #Moderna https://t.co/JN9SP5s3LT
68,Thu Nov 11 09:53:25 +0000 2021,"The rate of infection in North Lincolnshire has slowly begun to increase, currently sitting at 345.6 per 100,00, an increase from the previous week‚Äôs rate of 320.7.
Read more here:https://t.co/B8RtylPuRC https://t.co/AWIIT9EKDI"
69,Thu Nov 11 09:33:06 +0000 2021,Na #Moderna nu ook #Pfizer in onderzoek. Taiwan halts 2nd-dose BioNTech vaccinations for ages 12-17 amid concerns of myocarditis | Taiwan News | 2021-11-10 15:42:00 https://t.co/Ow3JDwFIGG
70,Thu Nov 11 09:10:10 +0000 2021,"Covid vaccination timings extended till 10:00 PM. Dr. Abhishek Shukla, Secretary General, Association of International Doctors says : Extended timings will benefit people who are unable to reach vaccination centres during day time. https://t.co/O8Oj9pohZ1"
71,Thu Nov 11 08:56:39 +0000 2021,"On November 9, 2021 at 9:00 AM Personnel of Community Based Immersion Program (Team 2), 1st PMFC led by PCpL Ferdinand M Rivera Team Leader, Provided Police Security Assistance in Covid -19 Vaccination initiated by RHU Victoria. held at Brgy Concepcion Victoria, Oriental Mindoro. https://t.co/FnNCVsMH77"
72,Thu Nov 11 08:34:32 +0000 2021,"In partnership with the Philippine Red Cross (PRC), there shall be a dry-run of the vaccination against Covid-19 (Pfizer) for MINORS AGES 12 ‚Äì 17 YEARS OLD WITHOUT COMORBIDITIES ROPP on Friday, November 12, 2021, 9:00 am to 4:00 pm at the grounds of Colegio de San Juan de Letran. https://t.co/EML8Kpi5Mr"
73,Thu Nov 11 08:33:38 +0000 2021,12-Year-Old Child Dies Two Days After Taking Pfizer Vaccine in Germany - Officials Pull Back on Mandatory Shots for Children https://t.co/yQ4Ppfz3fv
74,Thu Nov 11 08:31:09 +0000 2021,@mhealinglounge @narendramodi @PMOIndia Watch from 21:00 for explanation on link btw Heart Attack &amp; Vaccination.
75,Thu Nov 11 08:23:25 +0000 2021,"#COVID19Update
110.23 cr vaccine doses administered so far under Nationwide Vaccination Drive 13,091 new cases in the last 24 hours Recovery Rate currently at 98.25%; Highest since March 2020 
13,878 recoveries in the last 24 hours increases Total Recoveries to 3,38,00,925."
76,Thu Nov 11 07:15:02 +0000 2021,"All of our Covid-19 vaccination sites, except Dis-Chem Direct, are open this Saturday, 13 November, from 9:00 - 15:00 to assist anyone, South African or not, to #VaccinateToSaveSA! üáøüá¶ Walk-ins welcome. Learn more: https://t.co/LPcRc5e832 #VoomaVaccination https://t.co/4PMajL783k"
77,Thu Nov 11 04:00:53 +0000 2021,"110.23 cr vaccine doses have been administered so far under Nationwide Vaccination Drive
¬†
13,091 new cases in the last 24 hours
¬†
Recovery Rate currently at 98.25%; Highest since March 2020
¬†
13,878 recoveries in the last 24 hours increases Total Recoveries to 3,38,00,925"
78,Thu Nov 11 04:00:32 +0000 2021,"110.23 cr vaccine doses have been administered so far under Nationwide Vaccination Drive

13,091 new cases in the last 24 hours

Recovery Rate currently at 98.25%; Highest since March 2020

13,878 recoveries in the last 24 hours increases Total Recoveries to 3,38,00,925"
79,Thu Nov 11 02:46:53 +0000 2021,Vaccine Clinic: Vittoria Community Centre. November 11. Noon to 4:00 p.m. MODERNA available. Walk-ins are welcome for first or second shots. Please book ahead for a third. https://t.co/gpTVxSoVsz https://t.co/coTQrQRmGh
80,Thu Nov 11 02:16:42 +0000 2021,"üíâCOVID-19 VACCINE | Healthy Kids Clinic will offer drive-through vaccine clinics w/ Pfizer COVID-19 Vaccine for anyone ages 5 &amp; up Nov. 16 @ NWES from 4:30-6:30 p.m. &amp; on Nov. 20 @ WCHS from 9:00 a.m.-1:00 p.m. Open to public; no appt required. 

#WCPride https://t.co/FGGevhvXVN"
81,Thu Nov 11 01:51:19 +0000 2021,"LOVE ON TOUR. SHOP MERCH EARLY.
Friday, 11/12, at Gila River Arena.
Masks are required while shopping.

All guests age 12 and older will be required to provide proof of full COVID-19 vaccination. https://t.co/14LeBA2Ivb"
82,Thu Nov 11 01:40:37 +0000 2021,"@ZubyMusic Is this real life? 
I feel like I‚Äôm back in the early 00‚Äôs &amp; we‚Äôre being punk‚Äôd!

The actual President of the US, supposed most powerful man in the world is encouraging vaccination against the most deadly virus the world has ever seen via giant puppet bird

Stopüåç I wanna get off https://t.co/WVsTCTujSK"
83,Thu Nov 11 01:39:57 +0000 2021,"Vaccination Clinic this Saturday, November 13th
9:00 am - 6:00 pm at #muslimeducationaltrust 
Pfizer Booster Doses.
Pfizer for 5 to 12+ year-olds
MET Cultural Center: 10330 SW Scholls Ferry Rd. @OHAOregon @METPDX @NafisaFai @bosnianbeast27 @RukaiyahAdams 

https://t.co/DNaFw4MSfO https://t.co/zXJlzed7r3"
84,Thu Nov 11 00:56:48 +0000 2021,"47:12 meeting agenda
47:29 Question for committee
50:05 Epidemiology of Covid-19 in 5-11yo
1:10:33 Q&amp;A for same
1:28:00 vax assoc myocarditis 
1:52:30 Q&amp;A for same
2:24:20 Pfizer‚Äôs EUA request for 5-11yo
2:49:00 Q&amp;A for same
3:10:05 FDA review effectiveness and safety in 5-11yo"
85,Thu Nov 11 00:38:31 +0000 2021,"‚ÄúWe can, ultimately, get COVID to a place where it‚Äôs somewhere in between the cold and the flu‚Äù: @Surgeon_General says coronavirus could be with us forever, but that doesn‚Äôt mean it will always be a disruption to daily life. https://t.co/BmrLvRxb1o https://t.co/T6pSiedLpb"
86,Thu Nov 11 00:36:15 +0000 2021,"‚ùå Signs will NOT be allowed in the venue

üö™ All entrances will be open at 6:00 PM to verify your proof of vaccination or negative COVID-19 test within 48 hours of the show date. 

üò∑ Masks required on the General Admission floor

3/5"
87,Thu Nov 11 00:34:22 +0000 2021,@collinsadam Or.. maybe not get too concerned about a scientific vaccination policy that all seems to end with the statistical rounding of 0.00% - Isn't 78.23 or 79.67% good enough to boost a beaten economy?
88,Thu Nov 11 00:15:05 +0000 2021,"The Lenawee Intermediate School District will be offering a Pfizer vaccine clinic on Friday, November 12 from 2:00 p.m. ‚Äì 5:30 p.m. at the Porter Center Gymnasium for children and adults ages 12 and older.

Pre-register for your vaccine here ‚ñ∂Ô∏è ‚ñ∂Ô∏è https://t.co/zXUU1EzAdM https://t.co/YBBWtWe5R5"
