,index,Unnamed: 0,date,text
0,0,0,Thu Nov 11 23:59:58 +0000 2021,"Bloomberg: 

‚ÄúModerna acknowledged the company‚Äôs vaccine does appear linked to increased chances of an inflammatory heart condition known as myocarditis in young men.‚Äù

Moderna share price down 34% in 11 days.

https://t.co/Nb8tFlSIDp"
1,1,1,Thu Nov 11 23:57:47 +0000 2021,FDA recalls 2.2 million Ellume COVID-19 home tests due to false positives https://t.co/wtssOMzQlb
2,2,2,Thu Nov 11 23:52:01 +0000 2021,"Moderns vaccine has caused heart problems.

Moderna Defends Covid Shot as Questions on Heart Risks Mount https://t.co/WYGtjkZ4CK"
3,3,3,Thu Nov 11 23:51:31 +0000 2021,LAPD chief ready to fire officers who defy vaccine mandate https://t.co/qomiULw0jo
4,7,7,Thu Nov 11 23:47:03 +0000 2021,"Michel Moore, head of the nation's second-largest police department, said he wants ""a fully vaccinated workforce."" https://t.co/IzQ7MWvcV2"
5,8,8,Thu Nov 11 23:46:03 +0000 2021,"Cases: 251,863,804 (+0) 
Deaths: 5,078,600 (+95) 
Recovered: 0 (+0) 
Active Cases: 251,863,804 (100%)
Completed Cases: 5,078,600 (2.02%)
Mortality Rate: 2.02% (No Change)
Case Fatality Rate: 100.00% (No Change)

#COVID19 #Coronavirus #StayHome"
6,11,11,Thu Nov 11 23:44:02 +0000 2021,"Cases: 251,863,804 (+6,851) 
Deaths: 5,078,505 (+0) 
Recovered: 0 (+0) 
Active Cases: 251,863,804 (100%)
Completed Cases: 5,078,505 (2.02%)
Mortality Rate: 2.02% (No Change)
Case Fatality Rate: 100.00% (No Change)

#COVID19 #Coronavirus #StayHome"
7,16,16,Thu Nov 11 23:40:17 +0000 2021,10 states sue Biden administration over COVID-19 vaccine requirement for health care workers  https://t.co/GtU0FegsVh
8,25,25,Thu Nov 11 23:34:10 +0000 2021,"‚ÄúVSRF - Dr Urso discusses vax and children‚Äù with @kwstewart94, @PatokaMartha, @AGriffithsDC, Gloria Britstone, Fran Fainer, and Covid Special Events. Today, Nov 11 at 5:00 PM MST in @clubhouse! https://t.co/wXh4JuLlr0"
9,34,34,Thu Nov 11 23:30:19 +0000 2021,New COVID-19 Data at 2021-11-11 06:30:00 pm EST #Coronavirus #COVID19 #COVID_19 https://t.co/WBXg7ACCqK
10,35,35,Thu Nov 11 23:29:56 +0000 2021,"#mvmf2021 #mvmf2022 #paintnight #paintlounge #broadtree @MainMarkham 
.
Festival Pop-Up Sat Nov 20 7:00-9:30 pm. Tickets are $45 for in studio (limited as per Covid-19 protocols) or virtual. Registration link in our profile and here https://t.co/bCrWgzuL6F https://t.co/4vvGvB6hH6"
11,51,51,Thu Nov 11 23:22:25 +0000 2021,Why aren't more pregnant women of color getting vaccinated? Doctors point to distrust and poor outreach https://t.co/iylkvPojgs
12,59,59,Thu Nov 11 23:20:34 +0000 2021,"@JakBeula is our special guest on @5InTheEye on @colourfulradio - Friday between 09.00 and 10.00 GMT. Please do me and @michael1952 as we get Jak‚Äôs views on the scandal at Yorkshire CCC, Covid vaccines in the NHS and the coverage of his plaque paying tribute to Fela Kuti. https://t.co/9QACGI6qU1"
13,73,73,Thu Nov 11 23:15:39 +0000 2021,"@ABC7NY so watching the 6:00 news. It was reported that a second NYC closed because of COVID,and that COVID still exists.Yet that comment wasn‚Äôt made before the marathon. Quite the opposite. Everyone was giddy. So does COVID only exist in schools and not in a crowd of 33k runners"
14,78,78,Thu Nov 11 23:13:34 +0000 2021,"#TranslatingEuropeWorkshop: ‚ÄúImpact of COVID on language and translator‚Äôs work‚Äù
üóìÔ∏è 11/11/2021, 10.00 (CET) üìç Slovakia. Web streaming on Translating for Europe YouTube.
1st part: https://t.co/3SkWQ0vJlo
2nd part: https://t.co/bcg7mOPMaX
#Translation #xl8 #languages https://t.co/iBjtg0sD2Z"
15,81,81,Thu Nov 11 23:09:22 +0000 2021,"üì£ A special Climate Change and Islands #COP26 event taking place today (16:00 ‚Äì 18:00 GMT) will include the launch of the #COVID19 Island Insights Series Final Report (https://t.co/55NcWArX03), an initiative led by @scelg,  ...

(1/6) https://t.co/8ABgpVrbQC"
16,84,84,Thu Nov 11 23:08:30 +0000 2021,"https://t.co/7tYGNoQKgZ

What a cluster fuck!"
17,97,97,Thu Nov 11 23:00:19 +0000 2021,New COVID-19 Data at 2021-11-11 06:00:00 pm EST #Coronavirus #COVID19 #COVID_19 https://t.co/6Ku3kJNj7z
18,98,98,Thu Nov 11 22:58:03 +0000 2021,"Cases: 251,856,953 (+31,520) 
Deaths: 5,078,505 (+0) 
Recovered: 0 (+0) 
Active Cases: 251,856,953 (100%)
Completed Cases: 5,078,505 (2.02%)
Mortality Rate: 2.02% (No Change)
Case Fatality Rate: 100.00% (No Change)

#COVID19 #Coronavirus #StayHome"
19,100,100,Thu Nov 11 22:57:09 +0000 2021,Moderna Defends Covid Shot as Questions on Heart Risks Mount https://t.co/nh1gAnXWTi
20,106,106,Thu Nov 11 22:49:19 +0000 2021,"Moderna Says COVID-19 Vax Associated With Fewer Cases Than Pfizer's, But Higher Inflammatory Heart Conditions https://t.co/aTqGvh2XCF"
21,110,110,Thu Nov 11 22:46:03 +0000 2021,"Cases: 251,825,433 (+0) 
Deaths: 5,078,505 (+233) 
Recovered: 0 (+0) 
Active Cases: 251,825,433 (100%)
Completed Cases: 5,078,505 (2.02%)
Mortality Rate: 2.02% (No Change)
Case Fatality Rate: 100.00% (No Change)

#COVID19 #Coronavirus #StayHome"
22,112,112,Thu Nov 11 22:41:38 +0000 2021,"Hat tip to @NYCHealthSystem CHS partners for their work in DOC facilities to protect staff &amp; people in custody from COVID. As of 11.8.21 the citywide % of tests coming back positive was 1.55%. As of 11.8.21, @CorrectionNYC average was 0.00%. https://t.co/OvuxIdkC2P"
23,118,118,Thu Nov 11 22:38:24 +0000 2021,"TheCOVISION Project @ucddublin funded by @hrbireland  @IrishResearch  invite you to join our online celebration to mark International Children's Day entitled: ""A Better Normal"" post-COVID-19.
Date:25th of November 2021: (08.00-10.00) Registration is open: https://t.co/jbRtjCvT8A https://t.co/DFcw64SE2f"
24,122,122,Thu Nov 11 22:31:00 +0000 2021,"Covid-19 Booster Clinic! All are welcome!
Friday, November 12th, 2021 from 8:00 AM - 5:00 PM at Bay-Arenac ISD Career Center. https://t.co/vmQhy6sTNa"
25,124,124,Thu Nov 11 22:30:19 +0000 2021,New COVID-19 Data at 2021-11-11 05:30:00 pm EST #Coronavirus #COVID19 #COVID_19 https://t.co/EQE8dv6ZGd
26,129,129,Thu Nov 11 22:23:26 +0000 2021,"COVID TRUMP Thu, 11 Nov 2021 16:00:00 CST"
27,130,130,Thu Nov 11 22:23:25 +0000 2021,"COVID TRUMP Thu, 11 Nov 2021 15:00:00 CST"
28,134,134,Thu Nov 11 22:22:48 +0000 2021,Bitch ass still ain‚Äôt going catching nothing but Covid üòÇüòÇ https://t.co/WTMK7BdUI2
29,141,141,Thu Nov 11 22:14:43 +0000 2021,"@GaryRitz4 @RepDanBishop Funny, had more demand pre Covid with booming economy and gas was $2.00"
30,145,145,Thu Nov 11 22:08:14 +0000 2021,"‚Äù Professor John Ioannidis of Stanford University, quotes an infection fatality rate (IFR) for Covid of 0.00-0.57% (0.05% for under 70s), far lower than originally feared and no different to severe flu Bulletin of the WHO Research Article ID: BLT.20.265892 Page 1. 14 Oct 2020 https://t.co/bgzWytODIj"
31,148,148,Thu Nov 11 22:06:33 +0000 2021,"Check out this important upcoming event from @CIANJ member @HUBInsurance on Nov. 18 -- ""COVID Vaccine OSHA Emergency Temporary Standards"" from 2:00 PM - 3:00 PM. Click the link to register. https://t.co/4wI7O6AUiL https://t.co/puIU9YIqam"
32,149,149,Thu Nov 11 22:06:21 +0000 2021,"What can we learn from the community response to #COVID-19 to inform earlier diagnosis of #cancer and improve #CVD diagnosis and prevention? Join @THCAlliance digital event on Tuesday 16 Nov at 14:00 to learn more, register here https://t.co/ehu9UJdp8A #Core20PLUS5 #narrowthegap"
33,150,150,Thu Nov 11 22:06:02 +0000 2021,"#EU40Talksüí¨| How can we best address continued threats of this #pandemic and prepare for future #health crises?

Join MEP @nicustefanuta on 16 Nov @ 14:00 CET at our expert roundtable to discuss how we can #BuildBackBetter together!

Register now:
üîóhttps://t.co/a5hDDI8HcP https://t.co/TqYGTHr1nA"
34,153,153,Thu Nov 11 22:03:01 +0000 2021,"""Covid is likely to do for public health what 9/11 did for the security state. Going through an airport, we still take off our shoes ‚Äì because twenty years ago, some clown tried to light his shoe on fire""

https://t.co/WnkFM1rpD9"
35,158,158,Thu Nov 11 22:00:21 +0000 2021,New COVID-19 Data at 2021-11-11 05:00:00 pm EST #Coronavirus #COVID19 #COVID_19 https://t.co/LgAVQJS1Nx
36,160,160,Thu Nov 11 21:58:55 +0000 2021,"The Windsor-Essex County Health Unit  is holding another Walk-in Covid-19 Vaccine Clinic next Thursday, November 18th at Connections between 1:00 p.m. - 5:00 p.m.

No registration required. Child care will be provided by Registered Early Childhood Educators at no cost.
@TheWECHU https://t.co/ImGmvynKs4"
37,162,162,Thu Nov 11 21:56:03 +0000 2021,"Cases: 251,825,433 (+29,613) 
Deaths: 5,078,272 (+0) 
Recovered: 0 (+0) 
Active Cases: 251,825,433 (100%)
Completed Cases: 5,078,272 (2.02%)
Mortality Rate: 2.02% (No Change)
Case Fatality Rate: 100.00% (No Change)

#COVID19 #Coronavirus #StayHome"
38,167,167,Thu Nov 11 21:51:47 +0000 2021,"Ted Cruz called Big Bird getting COVID-19 vaccine ""propaganda."" This isn't the first time Sesame Street encouraged kids to get important vaccines. https://t.co/YuaKhdZ9Wy"
39,171,171,Thu Nov 11 21:48:39 +0000 2021,"Coming on Thursday November 11th 21.00 on Sky Arts is a film of David Hare‚Äôs Beat the Devil‚Äù, starring Ralph Fiennes. 

The brilliant script surprisedly mention me &amp; includes discussion of how COVID-19 causes sticky blood &amp; beautifully describes the signs &amp; symptoms of DVT &amp; PE https://t.co/AcTfJh4s0D"
40,176,176,Thu Nov 11 21:44:03 +0000 2021,"Cases: 251,795,820 (+0) 
Deaths: 5,078,272 (+340) 
Recovered: 0 (+0) 
Active Cases: 251,795,820 (100%)
Completed Cases: 5,078,272 (2.02%)
Mortality Rate: 2.02% (No Change)
Case Fatality Rate: 100.00% (No Change)

#COVID19 #Coronavirus #StayHome"
41,178,178,Thu Nov 11 21:42:17 +0000 2021,"Moderna Defends Covid Shot as Questions on Heart Risks Mount https://t.co/KqME4UUYSr Follow the lemmings.  It's all gonna be okay.  After all, the biomedical empire says so!"
42,182,182,Thu Nov 11 21:40:12 +0000 2021,#Moderna Defends Covid Shot as Questions on Heart Risks Mount https://t.co/htITmk4lxS
43,187,187,Thu Nov 11 21:33:11 +0000 2021,"Our Friends at @COVIDSupportVT  have new Workshops ‚Äì MONDAY the 15th!

Financial Wellness Basics | Mondays Starting November15th, noon
Skills for Psychological Recovery: Supporting the Long-term Impact of COVID | November 15th, from 2:00 ‚Äì 4:00 PM

https://t.co/xCfol7BJDF"
44,188,188,Thu Nov 11 21:30:20 +0000 2021,New COVID-19 Data at 2021-11-11 04:30:00 pm EST #Coronavirus #COVID19 #COVID_19 https://t.co/IQ47aVyyLr
45,189,189,Thu Nov 11 21:26:29 +0000 2021,10 states sue Biden administration over COVID-19 vaccine requirement for health care workers https://t.co/dMZCWEGpg6
46,190,190,Thu Nov 11 21:24:13 +0000 2021,I‚Äôm not Real impressed with paying $5.00 lb for Porkchops  but what‚Äôs a guy gonna do when there is a Supply chain issue and COVID going on https://t.co/ll1bKkaycv
47,192,192,Thu Nov 11 21:21:16 +0000 2021,Moderna Defends Covid Shot as Questions on Heart Risks Mount https://t.co/elkeaKXd22
48,194,194,Thu Nov 11 21:12:06 +0000 2021,"@RosieBeattie @RicSixx2 @toadmeister Recovery rate. 
140,00 deaths out of abut 10,000,000 cases.
1.4% death rate.  So 98.6% recovery Not 99.7%.
Also long covid."
49,195,195,Thu Nov 11 21:10:26 +0000 2021,"Globally üåê,
8,112 people died from #COVID„Éº19 just during yesterday,
‚ü∂0.97 times the number 2 days ago, 1.21 times the number 3 days ago, and 1.06 times the number one week ago.

üìàUpdated: ~10 Nov 2021 23:50:00 GMT
#coronavirus #covid19 #covid_19"
50,196,196,Thu Nov 11 21:08:15 +0000 2021,"@SpoxCHNinUS @takeusbacktoCHN @AmbQinGang @Columbia Why covid-19 didn't prevent South Korean students from going to China?Are they Aliens? Please open visas for International Students it's already too late.
#takeUsBackToChina"
51,197,197,Thu Nov 11 21:03:33 +0000 2021,"Daily coronavirus updates: COVID-19 positivity rate, hospitalizations continue to show sli - Nov 11 @ 4:00 PM ET https://t.co/0PjRYuJTV4"
52,198,198,Thu Nov 11 21:00:57 +0000 2021,"The Healthy Flint Research Coordinating Center is providing a FREE webinar TOMORROW, Friday, 11/12/21, from 12:00 p.m. to 1:00 p.m. which will focus on a variety of topics relating to COVID-19 updates and information.

Register online at https://t.co/C40BQh0GhI https://t.co/yTWMUhpIDG"
53,199,199,Thu Nov 11 21:00:19 +0000 2021,New COVID-19 Data at 2021-11-11 04:00:00 pm EST #Coronavirus #COVID19 #COVID_19 https://t.co/oJhnmhoqv8
54,200,200,Thu Nov 11 21:00:00 +0000 2021,"Do You Want to Get Well? is a free Zoom webinar, assisting those who have experienced emotional challenges in dealing with COVID-19. The webinar will be  November 15 from 1:00 to 3:00 p.m. To register 
 click below.
https://t.co/BabbxM8eOT"
55,201,201,Thu Nov 11 20:57:03 +0000 2021,"Cases: 251,795,820 (+0) 
Deaths: 5,077,932 (+30) 
Recovered: 0 (+0) 
Active Cases: 251,795,820 (100%)
Completed Cases: 5,077,932 (2.02%)
Mortality Rate: 2.02% (No Change)
Case Fatality Rate: 100.00% (No Change)

#COVID19 #Coronavirus #StayHome"
56,203,203,Thu Nov 11 20:45:05 +0000 2021,"Updated November 10, 2021 at 9:00 a.m.

https://t.co/gmQWWE335N"
57,204,204,Thu Nov 11 20:42:40 +0000 2021,"@FD2you @AristotleMrs @RoyPentland @DawnTJ90 @DanielA84612544 @StormSignalSA @Michael_D_Crow @thinks_about_it @Climatehope2 @Sir_Kaz_Cow @Gordon_DHG @Narvuntien @PeterWh93433247 @Canadianworker2 @WinWithScience @pckrs1 @Nodilbit @JoeShaw111 @omnisophos @insane_voice @ejwwest @TheDisproof @RieneRichard @Robert76907841 @25_cycle @bomac_macbo @philamina95 @Buster88072979 @IanDJbrown2 @Tony__Heller @MikeDel21893959 @MathewMoisture @rdqBlueRidge @rln_nelson @CazB52 @1Astroturf @wildweatherdan @ronne_robert @Mark_A_Lunn @wilescape @GeoConservative @RobMeekel @GeraldKutney @cjtjgeol @PeZzy @JFowles123 @TyotoRiffle @CliveScott18 @BridgetHolmstro @obannan Fauci is/was scientific leader &amp; Director of (NIAID) &amp; (NIH).

(NIH) is alleged to own half the key patent for Moderna‚Äôs COVID vaccine.

‚ÄúNIH regulations let agency scientists collect up to $150,000.00 annually in royalties.‚Äù

https://t.co/AqCYgWoMtl"
58,205,205,Thu Nov 11 20:42:21 +0000 2021,Moderna Defends Covid Shot as Questions on Heart Risks Mount https://t.co/eTTUCondub
59,207,207,Thu Nov 11 20:40:12 +0000 2021,Next Regular Board of Education Meeting: Nov. 16 - 7:00 pm. This regular meeting is open to the public.  Visit the district website for restrictions due to COVID-19: https://t.co/WOIeTJwsbA
60,208,208,Thu Nov 11 20:39:35 +0000 2021,"@sajidjavid @OliverDowden Bullying tactics never work long term

Care home managers fear they will be unable to replace staff sacked for refusing mandatory Covid vaccines https://t.co/8UCGG2RNu5"
61,210,210,Thu Nov 11 20:30:20 +0000 2021,New COVID-19 Data at 2021-11-11 03:30:00 pm EST #Coronavirus #COVID19 #COVID_19 https://t.co/wHE82P3yl6
62,212,212,Thu Nov 11 20:21:33 +0000 2021,"COVID TRUMP Thu, 11 Nov 2021 14:00:00 CST"
63,213,213,Thu Nov 11 20:06:51 +0000 2021,"I'm discussing ‚ÄúVSRF - Dr Urso discusses vax and children‚Äù with @kwstewart94, @AGriffithsDC, Gloria Britstone, Fran Fainer, and Covid Special Events. Today, Nov 11 at 7:00 PM EST in @clubhouse. Join us! https://t.co/yLDo8yD4yz"
64,218,218,Thu Nov 11 20:00:21 +0000 2021,New COVID-19 Data at 2021-11-11 03:00:01 pm EST #Coronavirus #COVID19 #COVID_19 https://t.co/hiR8tIlMjn
65,220,220,Thu Nov 11 19:55:53 +0000 2021,Moderna Defends Covid Shot as Questions on Heart Risks Mount https://t.co/nCID0gyPwe
66,221,221,Thu Nov 11 19:55:42 +0000 2021,"Work remote after COVID? Nearly 50% of US workers would take a pay cut for it, survey says. https://t.co/JsFRL3mu5q"
67,222,222,Thu Nov 11 19:55:02 +0000 2021,"Cases: 251,797,190 (+32,909) 
Deaths: 5,077,902 (+111) 
Recovered: 0 (+0) 
Active Cases: 251,797,190 (100%)
Completed Cases: 5,077,902 (2.02%)
Mortality Rate: 2.02% (No Change)
Case Fatality Rate: 100.00% (No Change)

#COVID19 #Coronavirus #StayHome"
68,223,223,Thu Nov 11 19:54:42 +0000 2021,"‚ÄúVSRF - Dr Urso discusses vax and children‚Äù with @kwstewart94, @PatokaMartha, @AGriffithsDC, Gloria Britstone, Fran Fainer, and Covid Special Events. Today, Nov 11 at 4:00 PM PST in @clubhouse! https://t.co/L9r0RgRL06"
69,224,224,Thu Nov 11 19:53:04 +0000 2021,"Virginia pharmacy incorrectly administers Covid vaccine to 112 kids, officials pull remaining doses https://t.co/ceyj1pEvrC"
70,225,225,Thu Nov 11 19:43:30 +0000 2021,"Conference: Rapid learning for justice: youth learning during the multple COVID-19 pandemic
üëâNovember 18- 15:00 
More information: https://t.co/JVd42XydIG
#Cisetc2021 
#science 
#Usat https://t.co/q9lYk5Zbip"
71,227,227,Thu Nov 11 19:42:23 +0000 2021,"Conference: Rapid learning for justice: youth learning during the multple COVID-19 pandemic
üëâNovember 18- 15:00 
More information: https://t.co/JVd42XydIG
#Cisetc2021 
#science 
#Usat https://t.co/qB49ELcbOI"
72,228,228,Thu Nov 11 19:41:03 +0000 2021,Sun Pharma to soon launch Covid-19 drug molnupiravir in India https://t.co/RH1VKL9EN8
73,229,229,Thu Nov 11 19:41:01 +0000 2021,"üìÖ 11/11 @ 2:00 ‚Äì 3:30 pm EST 
CAPS Affiliate Marc Garcia is first author of a #GSA2021 presentation on ‚ÄúThe Devastating Economic Impact of COVID-19 on Older Black and Latinx Adults: Implications for Health and Well-Being.‚Äù"
74,232,232,Thu Nov 11 19:37:47 +0000 2021,"@txsalth2o @LCPSDoBetter @cristymsilva @TrevorHughes Not to kids or classrooms. That‚Äôs for sure

Quite a lot went to Covid &amp;/or D&amp;I ‚Äúconsultants‚Äù &amp; bureaucrats

And thank you for writing $190,000,000,000.00 instead of ‚Äú$190 Billion‚Äù

$1 billion is $1,000 millions &amp; $1 Trillion is $1 million millions

But people treat as if the same"
75,235,235,Thu Nov 11 19:35:20 +0000 2021,"Interested in the latest #COVID19 findings? Come hear @NSF &amp; @NIH researchers discuss their work on the #coronavirus in our next #COVID Info Commons webinar!
Join us Monday at 12:00 pm ET: https://t.co/jLeIXC6Wu4
@Flo4Princeton @FDHint @ANLeggettPhD @LandrumAR @TTU_CoMC @KQED ... https://t.co/pP1MPNAtP5"
76,240,240,Thu Nov 11 19:30:19 +0000 2021,New COVID-19 Data at 2021-11-11 02:30:00 pm EST #Coronavirus #COVID19 #COVID_19 https://t.co/Oo5pIcpth1
77,242,242,Thu Nov 11 19:29:52 +0000 2021,#COVID19 #Covid_19 #COVIDVaccineKids #CovidVaccine Taiwan halts 2nd-dose BioNTech vaccinations for ages 12-17 amid concerns of myocarditis | Taiwan News | 2021-11-10 15:42:00 https://t.co/5ylol67y9t
78,244,244,Thu Nov 11 19:28:35 +0000 2021,"While COVID-19 has created a slew of new regulatory areas, COBRA remains one of the biggest and most complicated employee benefits issues. Join us November 18 at 11:00 AM CT for ""A Continuing Conversation About COBRA."" https://t.co/VEPvibE7Tb https://t.co/a9mQT5Y7T8"
79,245,245,Thu Nov 11 19:22:18 +0000 2021,@wsbgnl it‚Äôs still &lt; 0.1% so insignificant (100s of deaths still sucks). many more children are getting covid but percent of those dying is still low (0.00 to 0.03%). https://t.co/uoBUy6Cqq3
80,246,246,Thu Nov 11 19:21:10 +0000 2021,"COVID TRUMP Thu, 11 Nov 2021 13:00:00 CST"
81,247,247,Thu Nov 11 19:20:15 +0000 2021,"KIDS AGE 5 TO 11 CAN GET PROTECTED WITH A COVID-19 VACCINE JUST FOR THEM!
We are holding an after-school COVID-19 vaccine clinic on Wednesday, November 17 from 3:00 pm to 6:00 pm.  We have 20 doses, so call today to schedule your child's vaccine - (802) 933-6664."
82,248,248,Thu Nov 11 19:15:40 +0000 2021,"üö® #PRIME UPDATE : GOA COVID 19 MORTALITY BULLETIN - 11/11/2021 - TOTAL DEATH : 00

@DHS_Goa  @GoaGmc 

|| #PRIMEGOA #TV_CHANNEL #GOA #PRIMEUPDATE #COVIDVACCINATION #GOAFIGHTSCOVID19 #HEALTHBULLETINE  || https://t.co/NNk90I8Ytn"
83,249,249,Thu Nov 11 19:15:38 +0000 2021,"#PRIME UPDATE üö® : Goa today reports 23 new COVID 19 cases on 11/11/2021 and 00 deaths

@GoaGmc  @DHS_Goa 

|| #PRIMEGOA #TV_CHANNEL #GOA #PRIMEUPDATE #COVIDVACCINATION #GOAFIGHTSCOVID19 #HEALTHBULLETINE  || https://t.co/kEpWEmEKSt"
84,250,250,Thu Nov 11 19:11:14 +0000 2021,Booster Dose of COVID-19 Vaccine Required if Virus Gets Mutated: Bharat Biotech CEO https://t.co/OmH8gh4J4v
85,251,251,Thu Nov 11 19:09:06 +0000 2021,Moderna Defends Covid Shot as Questions on Heart Risks Mount https://t.co/3ZMVd8pPNT    First of all they do not have by definition a vaccine.
86,252,252,Thu Nov 11 19:05:01 +0000 2021,"@riteaid Rite Aid website shows covid booster walk ins available from 2:00 - 3:00. My 75 year old father went to rite aid in Hamburg, PA for his booster and they told him they couldn‚Äôt take him and that he‚Äôll need to call in the morning for a ‚Äúwalk in‚Äù appointment. Please help!!"
87,253,253,Thu Nov 11 19:03:03 +0000 2021,"Don't miss:
Assessing &amp; Addressing the Psychosocial Impacts of COVID-19 Among Pregnant Women and Health Care Providers in Anhui, China: An Update

with Dr. Shelby Yamamoto

Tuesday, Nov. 16, 2021, 12:00 pm - 12:50 pm, via Zoom 

Register at https://t.co/snmu5vBQrG #globalhealth https://t.co/VcF7fDczfa"
88,254,254,Thu Nov 11 19:01:58 +0000 2021,"COVID-19 Vaccine Clinic for Children 5-11. Tuesday, November 16 from 3:30 - 7:00 pm. https://t.co/Vt7cRYCrif"
89,255,255,Thu Nov 11 19:00:19 +0000 2021,New COVID-19 Data at 2021-11-11 02:00:00 pm EST #Coronavirus #COVID19 #COVID_19 https://t.co/9Crro2Lixt
90,256,256,Thu Nov 11 19:00:00 +0000 2021,"Do You Want to Get Well? a free Zoom webinar, assisting those who have experienced emotional challenges in dealing with COVID-19. The webinar will be  November 15 from 1:00 to 3:00 p.m. To register 
 click below.
https://t.co/BabbxM8eOT"
91,257,257,Thu Nov 11 18:59:11 +0000 2021,Moderna Defends Covid Shot as Questions on Heart Risks Mount https://t.co/7R7gYNyRBJ
92,258,258,Thu Nov 11 18:57:59 +0000 2021,Viewers of these news outlets are most likely to believe COVID-19 myths https://t.co/0fT0Z2xPNW
93,259,259,Thu Nov 11 18:57:01 +0000 2021,"@B52Malmet I would highly suggest that if anyone needs a Antigen Test that you endeavor to acquire the Abbott BinaxNow

They are the most accurate for Antigen Tests

I believe that the least expensive may be from Wal-Mart at $14.00 for two

If symptomatic, get RT-PCR
https://t.co/DjcZ1Crscz"
94,260,260,Thu Nov 11 18:55:03 +0000 2021,"Cases: 251,764,281 (+0) 
Deaths: 5,077,791 (+360) 
Recovered: 0 (+0) 
Active Cases: 251,764,281 (100%)
Completed Cases: 5,077,791 (2.02%)
Mortality Rate: 2.02% (No Change)
Case Fatality Rate: 100.00% (No Change)

#COVID19 #Coronavirus #StayHome"
95,261,261,Thu Nov 11 18:54:02 +0000 2021,"Cases: 251,764,281 (+18,182) 
Deaths: 5,077,431 (+0) 
Recovered: 0 (+0) 
Active Cases: 251,764,281 (100%)
Completed Cases: 5,077,431 (2.02%)
Mortality Rate: 2.02% (No Change)
Case Fatality Rate: 100.00% (No Change)

#COVID19 #Coronavirus #StayHome"
96,262,262,Thu Nov 11 18:51:21 +0000 2021,"MDH Covid Vaccine Clinic for Children Ages 5-11 
 
Dose 1
Date:  Sat., Nov 20
At:  Windom Area Elementary
Time:  9:00 to 5:00 
 
Dose 2
Date:  Sat., Dec 11
At:    Windom Area Elementary
Time:  9:00 to 5:00
 
A PARENT MUST BE PRESENT

Register Here:
https://t.co/Kx3cVZEDpk https://t.co/PTh0ywlWd1"
97,264,264,Thu Nov 11 18:47:09 +0000 2021,"We are almost there, only 2Ô∏è‚É£ days to go!!! 
üóì November 12th, Friday: 3:00 PM ‚û°Ô∏è  6:30 PM GMT üáµüáπ
üóì November 13th, Saturday:  9:30 AM ‚û°Ô∏è 1 PM GMT üáµüáπ
üë®‚Äçü¶Ω Adaptive Sports | ‚õπÔ∏è‚Äç‚ôÄÔ∏è The Female Athlete | üò∑ COVID-19 and Sports | üéÆ E-Sports Medicine
üìùRegister here: https://t.co/S8owauzge4 https://t.co/IBsZdrqhYz"
98,265,265,Thu Nov 11 18:45:07 +0000 2021,"ADVERSE VAX REACTIONS ARE REAL: Moderna defends Covid Shot as questions on ‚ÄúHeart Risks‚Äù mount! 
#Moderna
#Myocarditis 
#VaxHeartRisks 
https://t.co/TXZnfjIcC3"
99,266,266,Thu Nov 11 18:43:58 +0000 2021,"@PadraigMcL Latest on all of this ( November 11 2021 06:00 PM ):

https://t.co/qzpnMDbBOS"
100,267,267,Thu Nov 11 18:43:16 +0000 2021,"Join CFA Society Boston today for Employee Recruiting Revisited: A Post COVID-19 Reality Check, from 12:00 ‚Äì 1:00 PM.

https://t.co/IRG6ap7I7m https://t.co/554JiO5Isj"
101,268,268,Thu Nov 11 18:41:40 +0000 2021,"My friend Marzia Dabir is raising funds for her mother‚Äôs ECMO &amp; lung transplant. Their mother has spent nearly 160 days in the hospital now, and the bills will amount to ‚Çπ1,00,00,000. 

Please help them out &amp; amplify their fundraiser.

Link: https://t.co/R5zKlOs0io"
102,270,270,Thu Nov 11 18:40:07 +0000 2021,"This Saturday we're teaming up with @UHC for a food distribution event and free, walk-up COVID-19 vaccinations in the trailer! We will be set-up in the CTOWN Supermarket parking lot (131 N. Duke St. York, PA 17401) from 12:00 - 3:00 pm. See you there! #FFH https://t.co/W2GoLvl5NT"
103,273,273,Thu Nov 11 18:30:56 +0000 2021,"Out of 343,761,954 test for covid for a population of nearly 68,0000,00. What are they looking for?"
104,274,274,Thu Nov 11 18:30:19 +0000 2021,New COVID-19 Data at 2021-11-11 01:30:00 pm EST #Coronavirus #COVID19 #COVID_19 https://t.co/mTNPSjad6F
105,277,277,Thu Nov 11 18:22:09 +0000 2021,"Care home group stops new admission at several homes after losing 150 staff 
‚ÄúThe NHS will struggle to discharge out of the acute sector into safe environments where people can be supported at a critical time in their lives.‚Äù
@cummingsradio @kitchtweet 
 https://t.co/WI9JSZjhCG"
106,278,278,Thu Nov 11 18:21:11 +0000 2021,"COVID TRUMP Thu, 11 Nov 2021 12:00:00 CST"
107,279,279,Thu Nov 11 18:18:06 +0000 2021,"FROM THE NEWSROOM: GOVERNOR LAMONT'S DAILY UPDATE: As the State of Connecticut continues taking actions in response to the global spread of coronavirus disease (COVID-19), Governor Ned Lamont provided the following updates as of 12:00 p.m.
https://t.co/Eywh11dZbm"
108,280,280,Thu Nov 11 18:16:28 +0000 2021,"üí•üí•BREAKINGüí•üí•

The Die Is Cast. 

Join the REAL &amp; PROPER debate on Mandatory Covid Vaccination. 

Featuring Science, Ethics &amp; Law. 

Walala. Wasala üí•üí•üí•

A chance to pose your own questions &amp; have them answered by experts. Do it now.

Thursday, 18 Nov 2021
Time: 16:00 https://t.co/Gm9Vh3mk6n"
109,281,281,Thu Nov 11 18:14:38 +0000 2021,"If you receive a text informing that you have been awarded NGN95,000.00 as COVID-19 Survival Fund and Mr. Davies is your contact to redeem payment, let not your greediness lead you.

Na SCAM üó£

Signed
Management"
110,283,283,Thu Nov 11 18:09:40 +0000 2021,Moderna Defends Covid Shot as Questions on Heart Risks Mount https://t.co/FKvsjEhfqN
111,284,284,Thu Nov 11 18:09:06 +0000 2021,"Average COVID hospital stay: $73,300

Average vaccine: $0.00"
112,285,285,Thu Nov 11 18:05:08 +0000 2021,"Free COVID-19 vaccination clinic at the Dan Dipert Career and Technical Center SAT, 11/13, 10:00-2:00. 2101 Browning Drive, 76010. For anyone eligible for COVID-19 vaccinations or booster shots.
Moderna, Pfizer, and J&amp;J available. Bring proof of age for minors and ID for adults. https://t.co/kbLFhDyUgu"
113,286,286,Thu Nov 11 18:04:33 +0000 2021,Care home group stops new admission at several homes after losing 150 staff over mandatory Covid vaccine rules https://t.co/SSYP7mXN9f
114,287,287,Thu Nov 11 18:02:40 +0000 2021,My mum was adamant that I have Covid so she spent ¬£150 on an Iceland delivery and ¬£90.00 with Ocado delivery to make sure I am sorted. She is mad lol
115,288,288,Thu Nov 11 18:00:22 +0000 2021,New COVID-19 Data at 2021-11-11 01:00:00 pm EST #Coronavirus #COVID19 #COVID_19 https://t.co/CpytvTFNuL
116,289,289,Thu Nov 11 18:00:16 +0000 2021,"@alzassociation will host the ""COVID-19 and Caregiving"" webinar on November 12 at 4:00 p.m. Tips for caring for a person with dementia during the COVID-19 pandemic will be offered. Join here to watch the webinar in English: https://t.co/dWW99UIdFx https://t.co/CLH5clo2Pb"
117,290,290,Thu Nov 11 17:59:00 +0000 2021,"Lockdown + Bounce Back Loans = 

'Thousands' of firms facing collapse over eye-watering interest charges on Covid loans https://t.co/DPxuKyz55P"
118,292,292,Thu Nov 11 17:54:56 +0000 2021,"@CartmillJenni @chris_notcapn He also tried selling Colloidal Silver Solution as a cure for Covid last year during the pandemic lockdown. $125.00
Shyster!!! https://t.co/bbkc7cv9HM"
119,293,293,Thu Nov 11 17:54:02 +0000 2021,"Cases: 251,746,099 (+73,137) 
Deaths: 5,077,431 (+568) 
Recovered: 0 (+0) 
Active Cases: 251,746,099 (100%)
Completed Cases: 5,077,431 (2.02%)
Mortality Rate: 2.02% (No Change)
Case Fatality Rate: 100.00% (No Change)

#COVID19 #Coronavirus #StayHome"
120,295,295,Thu Nov 11 17:46:30 +0000 2021,"Forthcoming lecture:

It‚Äôs all about sharing. Covid-19 memes beyond meme discourse interpretation
Francisco Yus

Thursday¬†18 November, 12.00 hrs (Spanish time).

The talk can be watched on You Tube
https://t.co/ttpYxvxZtu"
121,296,296,Thu Nov 11 17:36:06 +0000 2021,"Addu City Covid-19 case status as of 11th November 2021 18:00 Hrs.
#StayHome 
#StaySafe
#WearMask https://t.co/oPr831X4kz"
122,299,299,Thu Nov 11 17:30:19 +0000 2021,New COVID-19 Data at 2021-11-11 12:30:00 pm EST #Coronavirus #COVID19 #COVID_19 https://t.co/z6C2c5Q16d
123,300,300,Thu Nov 11 17:29:47 +0000 2021,"Free COVID-19 vaccine and booster clinic tomorrow from 9:30 a.m. - 12:00 p.m. Vaccine will be available to everyone 5 years old and older. 

This clinic is in collaboration with the @SaltLakeHealth.

#HealthierTomorrows #SaveLives https://t.co/BT3h2vSiU8"
124,301,301,Thu Nov 11 17:21:15 +0000 2021,"COVID TRUMP Thu, 11 Nov 2021 11:00:00 CST"
125,302,302,Thu Nov 11 17:21:14 +0000 2021,"COVID CLIMATE Thu, 11 Nov 2021 10:00:00 CST"
126,303,303,Thu Nov 11 17:15:20 +0000 2021,"Covid-19 Bulletin #Nagaland status as on 11th November 2021 at 5:00 PM.
#TogetherWeCan
#NagalandAgainstCovid19
#FlattenTheCurve 
@dipr_nagaland @StateDisaster @ddnewskohima @airnews_kohima 
Source-@HealthNagaland https://t.co/62c9qDTk4G"
127,304,304,Thu Nov 11 17:14:47 +0000 2021,"@ScottAdamsSays you may like what this doctor says about rapid and cheap COVID testing (from 48:00 )

https://t.co/sHU48Kdpn1"
128,307,307,Thu Nov 11 17:09:25 +0000 2021,"RSS has announced that it is training 10,00,000 swayamsevaks across 350 ""prants"" of India, to assist the nation in case COVID 3rd wave hits. 

A monumental level of preparation by the world's largest volunteer organization."
129,308,308,Thu Nov 11 17:08:54 +0000 2021,@Skicruiser58 @wolfblitzer So you're trying to tell me demand is higher now then it was pre covid when gas was $2.00/ga üòÜ
130,315,315,Thu Nov 11 17:02:50 +0000 2021,"Join Us Tomorrow for our first Children's Pfizer COVID-19 Vaccine Clinic. 5-11 years. 
9:30 AM - 4:00 PM
Schedule your child's appointment today at (801)486-4877. 
By appointment Only!

Must be a registered client of the UICSL. 
Parent/Guardian must be present during vaccination. https://t.co/y1CCIPz6Is"
131,316,316,Thu Nov 11 17:02:24 +0000 2021,"Registration for in-person worship is now OPEN! Please join us this Sunday at 10:00 a.m. #JoinTheRiver #JumpInTheRiver

Register here: https://t.co/GRbfRdT4cJ. https://t.co/MoOobwVNJM"
132,320,320,Thu Nov 11 17:00:21 +0000 2021,New COVID-19 Data at 2021-11-11 12:00:00 pm EST #Coronavirus #COVID19 #COVID_19 https://t.co/bSxCO7dVSs
133,321,321,Thu Nov 11 16:59:11 +0000 2021,"There is a mandatory BCHS 2022 Spring Break Trip Meeting on Thursday, Nov. 18th at 6:00 pm. in Art Room A.  Students and parents will fill out necessary paperwork, go over trip logistics, and Covid-19 protocol.  
Please RSVP to Mrs. Johnson prior to the meeting."
134,322,322,Thu Nov 11 16:59:09 +0000 2021,"@garyhollis52 @kathies01 @RBReich Did you add up the deaths for 18-50 year olds? It‚Äôs about 180,00 total! So that‚Äôs not so exaggerated compared to 200,000 retiree deaths! Talking to many restaurant owners, people don‚Äôt want jobs with the public that endanger their health because of all the COVID unvaccinated!"
135,323,323,Thu Nov 11 16:58:14 +0000 2021,"https://t.co/c1SEviKkAw
#Dutch #covid19 November 11 #interactive #Dashboard

Positive #cases:+16287 (2.253.031)
In #Hospital, #RIVM:+78 (34.194)
In Hospital, NICE from 12:00 AM:+5 (65.449)
#Deaths:+26 (18.663)

#Netherlands #CodeBlack #Vaccine #StaySafe  #QRcode #Lockdown #WHO https://t.co/QaBugllIMH"
136,324,324,Thu Nov 11 16:56:57 +0000 2021,"Our #HeartofNewMexico auction is OPEN! Take a look üëÄ and bid on some items for a great cause! Bidding closes on 11/15 at 5:00 p.m. and will be COVID safe pick up only at our Albuquerque New Mexico #AHA office. To check out the auction, visit https://t.co/9kcVCKpNNG https://t.co/7REAwRvtLd"
137,325,325,Thu Nov 11 16:56:52 +0000 2021,"Covid 19 Awareness Workshop
12 November 2021
4:00 PM onward

#Workshop #Workshoponline #COVID19 #Covid19India #Safelife #Campuslife #Awareness #AwarenessMatters #Awarenesscampaign
#MCA #ComputerApplication #JISGroup #GNIT https://t.co/rA9QoQosvb
#OneJIS #DilSeJIS #JISHumara https://t.co/V2boERrdx7"
138,326,326,Thu Nov 11 16:54:15 +0000 2021,Moderna Defends Covid Vaccine Against Myocarditis Issue https://t.co/YhN1U3VeGl
139,327,327,Thu Nov 11 16:53:03 +0000 2021,"Cases: 251,672,962 (+16,396) 
Deaths: 5,076,863 (+423) 
Recovered: 0 (+0) 
Active Cases: 251,672,962 (100%)
Completed Cases: 5,076,863 (2.02%)
Mortality Rate: 2.02% (No Change)
Case Fatality Rate: 100.00% (No Change)

#COVID19 #Coronavirus #StayHome"
140,329,329,Thu Nov 11 16:43:54 +0000 2021,"These Are the Counties In the Miami-Fort Lauderdale-Pompano Beach, FL Metro Area Where COVID-19 Is Growing the Fastest https://t.co/Tx5pAFkZ5z"
141,330,330,Thu Nov 11 16:43:17 +0000 2021,New Covid-19 Cases Are on the Rise for the First Time in Two Months https://t.co/Oz8IDa1ySk
142,331,331,Thu Nov 11 16:41:33 +0000 2021,"LitCovid:  Sudden onset of vitiligo after COVID-19 vaccine.: {'title': 'Sudden onset of vitiligo after COVID-19 vaccine.', 'date': '2021-11-10T12:00:00Z', '_id': '34751491'} https://t.co/w63uCrjte2 #covid19 #SARSCOV2 #coronavirus"
143,332,332,Thu Nov 11 16:39:43 +0000 2021,"Last chance! Next Thurs @ 12:00 PM Region8 will host the final Virtual Programming of 2021! Join us for Managing the New Frontiers of Risk in Post-COVID Global Education, for an engaging conversation about the pandemic &amp; international ed.

Register: https://t.co/bJL3WgEEKY https://t.co/8H9HRhhhSh"
144,334,334,Thu Nov 11 16:30:19 +0000 2021,New COVID-19 Data at 2021-11-11 11:30:00 am EST #Coronavirus #COVID19 #COVID_19 https://t.co/ydjMunqOwe
145,335,335,Thu Nov 11 16:26:44 +0000 2021,"At 11:00 a.m., I will be joining a Calgary woman who was forced to close her business because she is dealing with long-COVID symptoms. We are still learning how the virus impacts people differently and for some, there are severe health consequences.

We must do more. #abhealth"
146,336,336,Thu Nov 11 16:24:17 +0000 2021,"@G_Kapusto @qrsupport They charged me $400,no show fees after JetBlue stoped my flight because of Covid 19 protocol,another $700.00 on top of the fare I already paid ,So they are outside this global issue.
It is so sad for me to be a victim ,we share this global problem and not individual issue."
147,337,337,Thu Nov 11 16:15:08 +0000 2021,There will be a Pediatric COVID-19 Vaccination Clinic on November 18th from 4:00-6:30PM at Indian River Intermediate School.  The North Country Family Health Center will be offering Pfizer 1st dose COVID-19 vaccines for ages 5-11 as well as 12 and up. https://t.co/koB70n1aVV
148,338,338,Thu Nov 11 16:14:21 +0000 2021,"Eastern Regional High School will serve as a Covid-19 and Flu Shot Vaccination Site on Nov. 11, 2021 from 3:00 pm - 6:00pm in our 500 Cafeteria; Moderna and Pfizer boosters will be given. The vaccine is also available for kids age 5-11. https://t.co/XVo3XJha3r"
149,341,341,Thu Nov 11 16:13:27 +0000 2021,"Vaxx $$$&gt;Health
Moderna Defends Covid Shot as Questions on Heart Risks Mount https://t.co/HJZQcVGbaw"
150,343,343,Thu Nov 11 16:11:36 +0000 2021,"#Germany's virologist #ChristianDrosten warns that a further 1,00,000 people will die from #COVID19 if nothing is done to halt an aggressive fourth wave

https://t.co/Nb9bDwVxb4"
151,344,344,Thu Nov 11 16:09:23 +0000 2021,"$REGN [15s. delayed]: Issued Press Release on November 11, 11:03:00: CHMP Recommends EU Approval of Regeneron Antibody Cocktail to Treat and Prevent COVID-19 https://t.co/XN6zNa64zR"
152,345,345,Thu Nov 11 16:07:28 +0000 2021,"#MakeTerm1Hybrid
Do u think cases will not increase if 36,00,000 students give offline exams? We r not telling u 2 never open schools,but get us vaccinated 1st. STOP REPEATING UR STUPID MISTAKES AGAIN&amp;AGAIN &amp; KILLING OTHERS! Otherwise this Covid&gt;death cycle will never end."
153,348,348,Thu Nov 11 16:03:34 +0000 2021,"‚ö†Ô∏èDelhi Health bulletin 11th Nov 

Total cases -40
Deaths - 00
Positivity- 0.8%
Recovery-61
#COVID19AB #COVID 
#CoronaVirusUpdates #coronavirus 
#Delhi #Corona #vaccinate¬†¬†¬† #Corona¬†¬†¬†¬†¬†¬†¬†¬†¬†¬†¬†¬†¬†¬†¬†¬†¬†¬†¬†¬†¬†¬†¬†¬†¬†¬†¬†¬†¬†¬†¬†¬†¬†¬†¬†¬†¬†¬†¬†¬†¬†¬†¬†¬†¬†¬†¬† 
#COVID19 @DEEPAK_0616 https://t.co/EtQxLhKOqw"
154,349,349,Thu Nov 11 16:02:44 +0000 2021,"$BNTX [15s. delayed]: Issued Press Release on November 11, 11:00:00: Zipline, Pfizer and BioNTech Collaboration Paves the Way for Automated, On-Demand Delivery of First mRNA COVID-19 Vaccines in Ghana https://t.co/tZygmFEOeK"
155,350,350,Thu Nov 11 16:02:15 +0000 2021,"Do you have questions regarding COVID-19 Rent Relief Law AB832? Join our free workshop Thursday, November 18, at 10:00 AM via Zoom. 
Free to register, just click here https://t.co/pEQLRJy8c6 or call us at 1(800) 446-3247.

#fairhousing #covid19 #rentrelief #ab832 https://t.co/1dp0NfjaCp"
156,351,351,Thu Nov 11 16:02:14 +0000 2021,"#MakeTerm1Hybrid 
Do u think cases will not increase if 36,00,000 students give offline exams? We r not telling u 2 never open schools,but get us vaccinated 1st. STOP REPEATING UR STUPID MISTAKES AGAIN&amp;AGAIN &amp; KILLING OTHERS! Otherwise this Covid&gt;death cycle will never end."
157,353,353,Thu Nov 11 16:02:00 +0000 2021,"$ROG; OTCQX [15s. delayed]: Issued Press Release on November 11, 11:00:00: CHMP recommends EU approval of Ronapreve to treat non-hospitalised COVID-19 patients and for prophylaxis of the disease https://t.co/BRwGyFF5ny"
158,354,354,Thu Nov 11 16:01:56 +0000 2021,"$RO [15s. delayed]: Issued Press Release on November 11, 11:00:00: CHMP recommends EU approval of Ronapreve to treat non-hospitalised COVID-19 patients and for prophylaxis of the disease https://t.co/08vUQlsPfB"
159,355,355,Thu Nov 11 16:00:20 +0000 2021,New COVID-19 Data at 2021-11-11 11:00:00 am EST #Coronavirus #COVID19 #COVID_19 https://t.co/zgAtagJSyB
160,357,357,Thu Nov 11 15:54:04 +0000 2021,"Our CEO @guybloch1 sat down with @michael__matias to talk about Covid-19, coalitions, and taking on the big companies controlling the supply chain.
#lastmiledelivery #bringg #supplychain #ceo #strongertogether
https://t.co/xAHuIMz8K6"
161,358,358,Thu Nov 11 15:53:00 +0000 2021,@GwaliaNews @IndyWalesFans Imo your leaving it a bit late there is going to be a lot of queuing to get it with added stress of covid passes you‚Äôd want to be arriving at stadium no later than 6:00 really
162,359,359,Thu Nov 11 15:52:18 +0000 2021,"This Louisiana mother went from a QAnon believer to a state vaccine advocate ‚Äî and yesterday, her daughter was one of the first children to get the COVID-19 shot in the Bayou State. https://t.co/ejI6aGBg9V https://t.co/9Au1T9wgvB"
163,360,360,Thu Nov 11 15:52:03 +0000 2021,"Cases: 251,656,566 (+32,195) 
Deaths: 5,076,440 (+202) 
Recovered: 0 (+0) 
Active Cases: 251,656,566 (100%)
Completed Cases: 5,076,440 (2.02%)
Mortality Rate: 2.02% (No Change)
Case Fatality Rate: 100.00% (No Change)

#COVID19 #Coronavirus #StayHome"
164,361,361,Thu Nov 11 15:49:15 +0000 2021,Join us tomorrow in person or virtually at the Geneva Academy to discuss #TreatyBody review. Is the ship üõ≥ sinking while the orchestra continues to play? Find out or have your say tomorrow 14:30 a 16:00 when we discuss C19 impact üëâüèΩ https://t.co/IxjDmyZLqG https://t.co/7HnFmMEcq7
165,362,362,Thu Nov 11 15:48:02 +0000 2021,"#Coronavirus #Covid19 #Covid_19 #SARSCoV2 #covid19world
Statistics and research.
11-11-2021 - 23:00
Showing all 3314 publications.
https://t.co/yH9mxAzijG"
166,366,366,Thu Nov 11 15:45:16 +0000 2021,"Join the Central District for an event this Saturday, 11/13 from 8:00 AM - 3:00 PM at UMMC's School of Health Related Professions in Jackson, MS.
We're offering 6 hours of CEUs on on post-covid rehab, a patient testimonial, and ethics.
Register here:¬†https://t.co/JU8e8vlExw
#PT https://t.co/rW0iZRF7Jy"
167,370,370,Thu Nov 11 15:42:04 +0000 2021,"LitCovid:  Pandemic.: {'title': 'Pandemic.', 'date': '2021-11-11T12:00:00Z', '_id': '34756663'} https://t.co/21fy1e5TWW #covid19 #SARSCOV2 #coronavirus"
168,371,371,Thu Nov 11 15:41:42 +0000 2021,"@RoCam54 Ok, fine. Waste your gas which is over $4.00 a gallon in some states. Who you sorry too? Maybe your kids if you get COVID?"
169,373,373,Thu Nov 11 15:39:19 +0000 2021,"There is a COVID-19 vaccination clinic for children ages 5 to 11 from 4:00 p.m. to 6:00 p.m. today at Young Woods Elementary School, 674 Prairie Ave, Providence. Register here: https://t.co/CotUMafuCz https://t.co/GpnBtglEDc"
170,375,375,Thu Nov 11 15:36:15 +0000 2021,"The VNA will hold a walk-in COVID-19 vaccine clinic for ICCSD students ages 5-11 this afternoon at Hoover Elementary (1355 Barrington Rd, Iowa City) from 2:15-6:00 pm. The full COVID-19 vaccine clinic schedule can be found here: https://t.co/MClwZcruJR https://t.co/UD7ftCappa"
171,381,381,Thu Nov 11 15:33:02 +0000 2021,At home COVID tests are expensive - $ 25.00 for 2 around here. This has consequences for children who need a negative test before returning to school.
172,385,385,Thu Nov 11 15:30:58 +0000 2021,"CVS Health beats on earnings, gets lift from Covid vaccines and prescription volumes

The drugstore chain raised its forecast for the year, saying it expects adjusted earnings per share of $7.90 to $8.00, from $7.70 to $7.80.

Retail News: https://t.co/h4ih4P6m8a"
173,386,386,Thu Nov 11 15:30:19 +0000 2021,New COVID-19 Data at 2021-11-11 10:30:00 am EST #Coronavirus #COVID19 #COVID_19 https://t.co/lsRunIVpg6
174,387,387,Thu Nov 11 15:29:06 +0000 2021,"The coming Tuesday, November 16th at 1:00 PM EST 

SJU LSA Program &amp;  the Pedro Arrupe, S.J. Center for Business Ethics presents Lesson from Covid-19 in Rio's Favelas: Resilience in the Face of State Neglect

Don't miss it!

Zoom link: https://t.co/gOWsOddzfF https://t.co/hMdBaX8ZsD"
175,388,388,Thu Nov 11 15:28:10 +0000 2021,"We haven't had an opportunity to talk to the WBAI audience in some time. Call in and talk about the NYC Mayoral Election, Congress, COVID and COVID mandates, Democrats, the NYC Public School System...you name it. The phones will be open. Call 212-209-2877 today at 8:00 PM EST https://t.co/UbmsMlQAbn"
176,389,389,Thu Nov 11 15:25:02 +0000 2021,"@MamaDoctorJones Love this video! I think the kicker is this (taken directly from her website):
Monoclonal Antibody Infusion for Covid-19: $175.00
She also claims to be board certified in Otolaryngology and Sleep Medicine- any idea if they have taken a stance against COVID misinfo like ABEM has?"
177,390,390,Thu Nov 11 15:24:38 +0000 2021,"After weeks of declines, U.S. Covid cases have stalled at a high level: 'The ERs are packed' https://t.co/WjKdhzCM4j"
178,391,391,Thu Nov 11 15:24:02 +0000 2021,"#„ÅÜ„Å≤„Éº„É°„É¢
ÊäïÁ®øÊôÇÈñì:2021-11-12 00:24:02
Covid: What are the vaccine rules for NHS staff and can I get a booster?
https://t.co/NiuhEad3mY
#„Éã„É•„Éº„Çπ"
179,392,392,Thu Nov 11 15:21:48 +0000 2021,"COVID TRUMP Thu, 11 Nov 2021 09:00:00 CST"
180,393,393,Thu Nov 11 15:21:04 +0000 2021,"COVID-19 Daily Update (Resumen Diario de COVID-19)
Daily averages, updated: November 10
Confirmed Cases (Casos confirmados): 414
Tests Conducted (Pruebas realizadas): 21,996
Deaths (Fallecidos): 2.00
Test Positivity (Tasa de positividad de la prueba): 2.2%
https://t.co/UrMNMrtIZm https://t.co/GutX2LEG6R"
181,396,396,Thu Nov 11 15:12:45 +0000 2021,"Still surprised at the lack of fans at #UNC‚Äôs season opener/Hubert Davis‚Äô first game as head coach last night. 

Curious as to why it wasn‚Äôt packed‚Ä¶ 7:00 pm weekday tip? COVID still a factor? Lesser opponent?"
182,398,398,Thu Nov 11 15:09:17 +0000 2021,"@davenewworld_2 @williamlegate The remove license plates, car is waiting for them. Wearing hats, Covid masks, face coverings. Fuckingggggggggg ridiculous, but it‚Äôs not worth risking your life or job that pays $15.00 an hour. It‚Äôs going to get a lot worse folks."
183,400,400,Thu Nov 11 15:05:27 +0000 2021,"üî•üéÅüí•Promotion Combo (2 in 1) Covid 19 Antigen Test Kit üéÅüí•üî•

Any purchase of 2 or 4 BOX üì¶ of 25's (RM6.00 each) üÜìüÜìüÜì 1 or 2 Portable Oxygen 1000 ml

0Ô∏è‚É£5Ô∏è‚É£0Ô∏è‚É£kits - 6.00üÜì1Oxygen
1Ô∏è‚É£0Ô∏è‚É£0Ô∏è‚É£kits - 6.00üÜì2Oxygen

ü§©ü§©Limited to only 800 sets ü§©ü§©

Interested pls PM ü§ô0106570608"
184,401,401,Thu Nov 11 15:03:58 +0000 2021,"VASLan &amp; @VANLinfo will be hosting ""Lanarkshire COVID-19 Online Information Event"".

üóìÔ∏è Friday, November 26 at 10.00 am

Book your place below:
üåê https://t.co/RrB6yxXt3K

We will discuss current guidance on COVID-19 safety arrangements and Q&amp;A with NHS Lanarkshire staff. https://t.co/QemXrz9Rt8"
185,402,402,Thu Nov 11 15:01:49 +0000 2021,"Next Thursday, (11/18, 2:00 -3:00 pm ET) @JANatJAN will host a webinar on workplace accommodations focusing on Return to Work issues after COVID-19. Free but registration required. #COVID19 #ADA https://t.co/tuyegQxuKC"
186,403,403,Thu Nov 11 15:01:26 +0000 2021,"India gets a $2.50 kit to fight against covid, the western world gets a $700.00 pill to fight against covid.
You getting it yet?"
187,404,404,Thu Nov 11 15:00:53 +0000 2021,"#COVID-19 #VACCINE POP-UP CLINIC

MONDAY, Nov 15, 3:00 PM - 6:00 PM

Appointments: Call or Text: (323) 203-9302
WALK-INS WELCOME!

Moderna, Pfizer, &amp; J&amp;J.
Boosters for 65+ and Immune-compromised individuals.

El Nido Family Centers, 2069 W Slauson Ave, 90047
@WeAreLAHealth https://t.co/RD8Ty9ybFm"
188,405,405,Thu Nov 11 15:00:40 +0000 2021,"Percentage of Population Vaccinated 
Progress Bar:  XXXXXX----
Single Dose Percentage:  68.00
Two Doses Percentage:  60.33
Percentage of Effective Immunity:  60.33
#covid19 #covid"
189,406,406,Thu Nov 11 15:00:24 +0000 2021,New COVID-19 Data at 2021-11-11 10:00:00 am EST #Coronavirus #COVID19 #COVID_19 https://t.co/BqadyUhwt5
190,407,407,Thu Nov 11 14:57:06 +0000 2021,Come and hear @LeukaemiaCareUK @MorecambeBHCP @MorecambeBayCCG @HKP_Info speak about how their work in earlier diagnosis of cancer &amp; CVD captures key learnings from the Community response to COVID-19. Join @THCAlliance digital event on Tues 16 Nov at 14:00 https://t.co/ehu9UJdp8A
191,411,411,Thu Nov 11 14:54:50 +0000 2021,"https://t.co/c1SEviKkAw
#Dutch #covid19 November 10 #interactive #Dashboard

Positive #cases:+16287 (2.253.031)
In #Hospital, #RIVM:+78 (34.194)
In Hospital, NICE from 12:00 AM:+5 (65.449)
#Deaths:+26 (18.663)

#Netherlands #CodeBlack #Vaccine #StaySafe  #QRcode #Lockdown #WHO https://t.co/51KAmCi7Xr"
192,412,412,Thu Nov 11 14:52:02 +0000 2021,"Cases: 251,624,371 (+18,457) 
Deaths: 5,076,238 (+165) 
Recovered: 0 (+0) 
Active Cases: 251,624,371 (100%)
Completed Cases: 5,076,238 (2.02%)
Mortality Rate: 2.02% (No Change)
Case Fatality Rate: 100.00% (No Change)

#COVID19 #Coronavirus #StayHome"
193,413,413,Thu Nov 11 14:45:32 +0000 2021,"Join us on 16 November at 13:00 CET to raise awareness of the #PharmacistsRole in supporting patients with #COVID19 associated complications and ‚Äúlong COVID‚Äù.

https://t.co/HTfzWFSeRU https://t.co/G5Too5iTsT"
194,414,414,Thu Nov 11 14:41:51 +0000 2021,"Check out the latest @DKBmed #COVID 19 - Keeping up with a Moving Target: 
Shmuel Shoham, MD, and Willa Cochran, MSN, CRNP discuss how #variants are impacting COVID-19 treatment decisions.  Register: https://t.co/p9V2NTnxQW
November 17, 2021, 12:00 - 1:00 PM EST https://t.co/DRws5njOVi"
195,416,416,Thu Nov 11 14:33:19 +0000 2021,"Pandemic Data Initiative Expert Forum: COVID-19 Data Pioneers Featuring leaders in the fight for high-quality public data on COVID-19. Friday November 12, 2021, 12:00 - 1:00 PM EST

Johns Hopkins Coronavirus Resource Center
https://t.co/kl72szsynR https://t.co/2jAqTqe1XK"
196,417,417,Thu Nov 11 14:33:04 +0000 2021,"First Metro at 07.00 hrs. from 15.11.2021 (Monday)!
Please maintain all Covid Protocols.
#Unite2FightCorona https://t.co/keipSmSfDs"
197,419,419,Thu Nov 11 14:30:21 +0000 2021,Every adult in the U.S. could soon be eligible for a Pfizer COVID-19 booster shot ‚Äî including people who got the Moderna or J&amp;J vaccine for their first doses. https://t.co/PawZNKMpQv https://t.co/JBODx2I6tU
198,420,420,Thu Nov 11 14:30:19 +0000 2021,New COVID-19 Data at 2021-11-11 09:30:00 am EST #Coronavirus #COVID19 #COVID_19 https://t.co/UGmZnfJQKf
199,422,422,Thu Nov 11 14:30:01 +0000 2021,"Green Bay Packers quarterback Aaron Rodgers has been fined ‚Äî not for misleading statements regarding his vaccination status ‚Äî but for attending a party while unvaccinated. 

The team has also been fined. https://t.co/BYTLso1FMa https://t.co/LSAeajCnMB"
200,423,423,Thu Nov 11 14:29:37 +0000 2021,'Thousands' of firms facing collapse over eye-watering interest charges on Covid loans https://t.co/zMW1Iya4JQ
201,427,427,Thu Nov 11 14:28:05 +0000 2021,2 COVID patients die in Romania fire - The blaze ripped through a hospital for infectious diseases in the southern city of Ploiesti shortly after 4:00 am local time. ‚ÄúThe fire ... - https://t.co/rJMNlVuBpV https://t.co/9H5ZEomJDi
202,428,428,Thu Nov 11 14:26:10 +0000 2021,ABI Members ‚Äì register now and join us tomorrow at 10:00 am to discuss conflicting State and Federal COVID-19 vaccine mandates. Learn more about the newly-released federal mandate and steps that all employers will want to take in attempting compliance. https://t.co/te27hE66Ee https://t.co/GPPt476Sbr
203,429,429,Thu Nov 11 14:24:56 +0000 2021,"A.F. Branco Cartoon ‚Äì Worlds Apart: by A.F. Branco - Pelosi and her elite friend are above their own COVID rules, like wearing a mask in public. Political cartoon by A.F. Branco ¬©2021. Donations/Tips accepted and appreciated ‚Äì $1.00 ‚Äì $5.00 ‚Äì $25.00 ‚Äì‚Ä¶ https://t.co/ubwh6Y9WM8 https://t.co/Bl4Gn9N7Ba"
204,430,430,Thu Nov 11 14:21:34 +0000 2021,"COVID TRUMP Thu, 11 Nov 2021 08:00:00 CST"
205,431,431,Thu Nov 11 14:21:33 +0000 2021,"COVID TRUMP Thu, 11 Nov 2021 07:00:00 CST"
206,440,440,Thu Nov 11 14:00:19 +0000 2021,New COVID-19 Data at 2021-11-11 09:00:00 am EST #Coronavirus #COVID19 #COVID_19 https://t.co/VhClgk1Zw6
207,441,441,Thu Nov 11 13:53:04 +0000 2021,"West Bengal logs 853 new Covid-19 cases and 15 fatalities The state's covid-19 tally surged to 16,00,732 #Latest News by #BusinessStandard https://t.co/cgnThyeyAG"
208,443,443,Thu Nov 11 13:52:03 +0000 2021,"Cases: 251,605,914 (+21,184) 
Deaths: 5,076,073 (+264) 
Recovered: 0 (+0) 
Active Cases: 251,605,914 (100%)
Completed Cases: 5,076,073 (2.02%)
Mortality Rate: 2.02% (No Change)
Case Fatality Rate: 100.00% (No Change)

#COVID19 #Coronavirus #StayHome"
209,444,444,Thu Nov 11 13:49:07 +0000 2021,"üì¢We're hiring a Visiting Senior Researcher, to lead a research project to monitor the international deployment and use of COVID technologies such as vaccine passports &amp; contact tracing apps.

Apply by: 09:00 GMT, Thurs 25 Nov 2021.
https://t.co/fbIl7MeaP0 https://t.co/ykE5qjMDEP"
210,445,445,Thu Nov 11 13:42:53 +0000 2021,"A Chilean congressman is nearing the end of a Herculean 13-hour speech to buy time for colleague @GiorgioJackson to complete Covid self-isolation. After 00.00, Jackson can enter congress and impeach the president with his vote, which tips the balance in favour of the opposition https://t.co/uqG6G0UJOQ"
211,447,447,Thu Nov 11 13:40:00 +0000 2021,"Loans were taken in good faith however with continued mismanagement of Covid causing loss of confidence &amp; the fall out of Brexit loans have become unaffordable for many businesses.
""Pay as grow"" works if you are able to grow not if you are in decline

https://t.co/nfo4ap0P6w"
212,449,449,Thu Nov 11 13:34:50 +0000 2021,"üìå Last days to register in the webinar ‚ÄúListen to the Cry of the Poor"". Focus: key EU policies and future strategies to better support people in #poverty + Church's recommendations for short- and long-term actions.

üìÖMon 15 Nov 2021
üïë17:00-18:30 (CET)
üîóhttps://t.co/UziMezZQj9 https://t.co/2vUEJC3565"
213,450,450,Thu Nov 11 13:34:48 +0000 2021,"@Walker06Donna This is more the fault of Clinton, Bush and Obama from their trade deals in the 90's, 00's and 10's.  You can also blame Trump for not taking immediate action to stifle the spread of COVID.

There are plenty of genuine criticisms of Biden, inflation is not one of them."
214,452,452,Thu Nov 11 13:30:20 +0000 2021,New COVID-19 Data at 2021-11-11 08:30:00 am EST #Coronavirus #COVID19 #COVID_19 https://t.co/6YoR3YLMJn
215,456,456,Thu Nov 11 13:20:46 +0000 2021,"The work was done by Corner Brook Stream Trail with a contribution of $15,000.00 of in-kind design and work. The City contributed $50,000.00, with the Province giving $29,000.00 through the Covid-19 Stimulus Program and $7000.00. Walmart also contributed with $1000.00."
216,458,458,Thu Nov 11 13:14:06 +0000 2021,"6'1"" 195Ib COVID Freshman
@MottCCBaseball 
C/1B
Low Pop: 1.85  Avg Pop: 1.90-2.00
Freshman Year Stats
AB: 89 AVG: .326 OBP: .452
@The_Noah_Sharp @Coach_C33 @B_Sakowski_PG 
@FlatgroundBats https://t.co/BBRYcCkKrm"
217,461,461,Thu Nov 11 13:12:42 +0000 2021,"We hope you can take part in our speaking session on
Thursday, Nov 18th: 11:15 AM ‚Äì 12:00 PM

Public Safety &amp; Security Communications: Networking Demands to Support Automation Beyond COVID-19

#Mobility
#Automation
#WirelessCommunication
#NetWorkConnection https://t.co/TPJRBQdYLv"
218,463,463,Thu Nov 11 13:06:04 +0000 2021,'Thousands' of firms facing collapse over eye-watering interest charges on Covid loans https://t.co/Dovoh1Li7v
219,466,466,Thu Nov 11 13:05:14 +0000 2021,"#Covid19 mobile testing units will be in the following #Leeds locations today, open 09:00-15:00.

Thursday 11th November

üìç Islamic Centre Leeds
üìç Burley Road, Leeds
üìç Pudsey Civic Hall, Pudsey, Leeds/Bradford

To book a free test, call 119 or visit https://t.co/mNNRMO1Ofg https://t.co/UQPJSL6QVn"
220,467,467,Thu Nov 11 13:04:30 +0000 2021,"@SendaiNJ Dont beat yourself up about not going back for the crown. I had crown/root canal and STILL the tip of the root cracked and caused abscess at beginning of covid. Extracted/bone graft/implant. 
Cost 2500.00 to try to save. 
Cost 5000.00 for new tooth."
221,468,468,Thu Nov 11 13:01:28 +0000 2021,"Controversial Biden bank nominee said 'we want' oil and https://t.co/mO4TzMLRAq Now that nurse Biden has killed several babies &amp; non demon-crates with COVID, he will freeze several more thousand with a loss of heating oil, can you find anyone who voted for him?"
222,470,470,Thu Nov 11 13:01:14 +0000 2021,"We have two COVID-19 community vaccine clinics this week for ages 5-11 at Pathway Pediatrics!
*TODAY from 9:00 am-4:00 pm 
*Saturday, November 13 from 9:00 am-1:00 pm 
Schedule here: https://t.co/jJAEA6rfJK

#rochesterny https://t.co/6e5cSC0bHo"
223,471,471,Thu Nov 11 13:00:50 +0000 2021,"""Love Beyond Borders,"" led by First UMC in Boise, Idaho, supports UNICEF &amp; COVAX in the equitable distribution of COVID vaccines around the world. 

Join them for a webinar on Nov. 16 at 11:00 a.m. CST &amp; get involved! #VaccineEquity

https://t.co/bRgYZaXXNm https://t.co/HdP5cxwcmC"
224,472,472,Thu Nov 11 13:00:19 +0000 2021,New COVID-19 Data at 2021-11-11 08:00:00 am EST #Coronavirus #COVID19 #COVID_19 https://t.co/Nb8EqK2FHl
225,473,473,Thu Nov 11 13:00:13 +0000 2021,"The annual statewide Minnesota Veterans Day event will be held virtually again this year due to the COVID-19 pandemic. The program is prerecorded and runs about 30 minutes. It will be available starting at 8:00 a.m. Thursday, November 11th.  https://t.co/ntMNX5tfqx"
226,475,475,Thu Nov 11 12:57:04 +0000 2021,"""People have told me to go back to China,"" he says. ""People have accused us of spreading COVID because we are Chinese."" 
https://t.co/VsuGEFC34u"
227,476,476,Thu Nov 11 12:56:17 +0000 2021,"Urgent Vacancy 

Role: Housekeeper 
industry: Hospital 

Location: Lekki phase one 

Minimum qualification: SSCE/OND

preferably female, and must have taken the Covid-19 vaccination. Must live within close proximity of the location 

Salary: #35,000.00

DM  Cv to 08166681915"
228,477,477,Thu Nov 11 12:56:13 +0000 2021,"Do you have questions about #LongCovid?

Join our free online Q&amp;A session and get your questions on long COVID answered by health experts. 

Tuesday, 30 November 2021
5.30 pm to 7.00 pm 

Register now and submit your questions:

https://t.co/ZiVOPsFJEp https://t.co/atrbcEB10J"
229,479,479,Thu Nov 11 12:54:01 +0000 2021,"DOUBLE ROOM RM69.00 (1 Queen Bed)
(PLUS SALE)(PLUS SALE)
Please call us for more info:
‚òéÔ∏è03-8081 4521
üì±011-1088 8967 (whatsapp)
‚úâÔ∏èusj.smilehotel@gmail.com
üåêhttps://t.co/CzJ59QdJy5
#lockdown #covid_19 #pkp3 #smilehotelusj #hotelbudget #luxury #weeklystay #monthlystay #subangjaya https://t.co/SZW0XDK7Os"
230,481,481,Thu Nov 11 12:52:02 +0000 2021,"Cases: 251,584,730 (+6,776) 
Deaths: 5,075,809 (+338) 
Recovered: 0 (+0) 
Active Cases: 251,584,730 (100%)
Completed Cases: 5,075,809 (2.02%)
Mortality Rate: 2.02% (No Change)
Case Fatality Rate: 100.00% (No Change)

#COVID19 #Coronavirus #StayHome"
231,482,482,Thu Nov 11 12:51:01 +0000 2021,"Join the Centre for Global Health, DLSPH, @UofT and the School of Public Health at Shandong University on November 15 8:00-10:00pm EST for a joint workshop on Current and Future Public Health Systems Strategies for the COVID-19 Pandemic. RSVP here: https://t.co/EiT1NrVBF3"
232,487,487,Thu Nov 11 12:44:25 +0000 2021,"Just a reminder that our fantastic Sick Kids panel on COVID Vaccines for kids is happening November 24th at 8:00 a.m., moderated by the amazing @goldenbergmaya1 . Register at https://t.co/wQd3aBCdBP. @TheMabinSchool #leadership @ronald_cohn @DrJFriedman @SickKidsNews https://t.co/ZumOpOeFl9"
233,488,488,Thu Nov 11 12:43:38 +0000 2021,"$DCGO [15s. delayed]: Issued Press Release on November 11, 07:35:00: DocGo Launches Full-Service Program to Help Employers Comply with OSHA's COVID-19 Vaccination and Testing Emergency Temporary Standard https://t.co/HgHHY8Z87X"
234,491,491,Thu Nov 11 12:36:34 +0000 2021,"COVID-19 UPDATE:

-110.23 cr vaccine doses have been administered so far under Nationwide Vaccination Drive

-13,091 new cases in last 24 hrs

-Recovery Rate currently at 98.25%; Highest since March 2020

-13,878 recoveries in last 24 hrs increases Total Recoveries to 3,38,00,925"
235,492,492,Thu Nov 11 12:36:01 +0000 2021,"@MiningHabit IF THIS IS WORTH YOUR MARRIAGE: Mortality (45 states, NYC, PR and GU reported)*
Among states reporting, children were 0.00%-0.26% of all COVID-19 deaths, and 7 states reported zero child deaths
In states reporting, 0.00%-0.03% of all child COVID-19 cases resulted in death."
236,493,493,Thu Nov 11 12:34:10 +0000 2021,Te Ao With Moana: Summer Series ‚Äì On MƒÅori Television - Scoop NZ: Vax Fax: Four MƒÅori doctors take calls from viewers about COVID-19 and vaccines. EPISODE 2 ‚Äì Monday 6 December 2021 at 8.00 PM: One-on-one with the¬†... https://t.co/RemfuLkxiK
237,494,494,Thu Nov 11 12:34:01 +0000 2021,"@ShannonVallor Been complaining about the morning-centric culture for years. Typical example, post-covid, we had no access to our PhD offices after 17.00 and now after 22.00, the most counterintuitive measure both for PhD as well as for covid (most night owls do social distancing naturally)"
238,496,496,Thu Nov 11 12:30:20 +0000 2021,New COVID-19 Data at 2021-11-11 07:30:00 am EST #Coronavirus #COVID19 #COVID_19 https://t.co/MdhLb1noQN
239,498,498,Thu Nov 11 12:29:45 +0000 2021,My sister died of COVID-19 complications this morning. My heart is broken. I am in so much pain. Poor girl. She fought so hard. My baby is gone. Please pray for her.
240,500,500,Thu Nov 11 12:21:49 +0000 2021,"COVID TRUMP Thu, 11 Nov 2021 06:00:00 CST"
241,501,501,Thu Nov 11 12:21:48 +0000 2021,"COVID TRUMP Thu, 11 Nov 2021 05:00:00 CST"
242,502,502,Thu Nov 11 12:18:34 +0000 2021,China's Sinopharm vaccine 'most unsafe in world' with 73 side effects | Taiwan News | 2021-01-06 18:38:00 https://t.co/vRXxDZrYEa #World drug company should be liable amount $ they make covid vax
243,504,504,Thu Nov 11 12:15:53 +0000 2021,"TODAY¬¥S ""DEMON POSESSED"" TWITTER..
Statistical evidence proves, that after having taken the jab, people turn evil.
Go to 25.00 in this clip, gathered from US Covid adverse reaction gathering database and listen...
https://t.co/1KuwD9EGmL"
244,505,505,Thu Nov 11 12:12:45 +0000 2021,"@Paul_aquablue @jedigardener Statistical evidence proves, that after having taken the jab, people turn evil.
Go to 25.00 in this clip, gathered from Covid side adversions gathering, and listen...
https://t.co/1KuwD9EGmL"
245,506,506,Thu Nov 11 12:09:22 +0000 2021,"@yaf @Mike_Pence This is a joke, right??? You expected Americans to have faith I you during Covid and you LIED to us to further your career. YOU sacrificed over 600,00 American lives."
246,509,509,Thu Nov 11 12:06:02 +0000 2021,"5/ Our next #FutureOfCities event will debate the likelihood of a Covid-19 exodus from cities and what this would mean for society and the economy.
üìÖ Thursday 18 November
‚è∞ 11.00 - 12.00 
Book your place here üëá
https://t.co/aXsmbyISs9"
247,510,510,Thu Nov 11 12:01:57 +0000 2021,"#Coronavirus #Covid19 #Covid_19 #SARSCoV2 #covid19world
Documents.
This page lists documents produced by WHO.
11-11-2021 - 13:00
https://t.co/moafeek73t"
248,511,511,Thu Nov 11 12:00:19 +0000 2021,New COVID-19 Data at 2021-11-11 07:00:00 am EST #Coronavirus #COVID19 #COVID_19 https://t.co/byXRGgWiTX
249,512,512,Thu Nov 11 12:00:02 +0000 2021,"Free COVID-19 TESTING
TODAY, November 11, 9:00 am-12:00 pm
Oakdale Community Center
104 Seminary Ave
Pre-registration link: https://t.co/l61vDDqv43
This is a walkup site, not a drive-thru
Insurance not required but please bring insurance card if available
Test provided at no cost https://t.co/Ta4mf6rDN9"
250,514,514,Thu Nov 11 11:58:14 +0000 2021,"Yesterday I had my Covid booster, and my first shingles vaccine. The combination knocked me flat! I slept from 4:00 yesterday afternoon until 5:30 this morning. Not complaining though, I‚Äôll have all my jabs; it beats being sick! #FullyVaccinated #Booster"
251,515,515,Thu Nov 11 11:52:02 +0000 2021,"Cases: 251,577,954 (+0) 
Deaths: 5,075,471 (+28) 
Recovered: 0 (+0) 
Active Cases: 251,577,954 (100%)
Completed Cases: 5,075,471 (2.02%)
Mortality Rate: 2.02% (No Change)
Case Fatality Rate: 100.00% (No Change)

#COVID19 #Coronavirus #StayHome"
252,517,517,Thu Nov 11 11:51:03 +0000 2021,"Cases: 251,577,954 (+1,859) 
Deaths: 5,075,443 (+0) 
Recovered: 0 (+0) 
Active Cases: 251,577,954 (100%)
Completed Cases: 5,075,443 (2.02%)
Mortality Rate: 2.02% (No Change)
Case Fatality Rate: 100.00% (No Change)

#COVID19 #Coronavirus #StayHome"
253,518,518,Thu Nov 11 11:40:20 +0000 2021,"Personal Resilience Course with  @Age_Opp &amp; @CountyKildareLP

üìÖ November 15th, 22th, 29th &amp; 6th December.
‚è∞10:00 - 12:00

The course will facilitate personal reflection on the experience of Covid-19

For more info, contact Caroline at oldervoiceskildare@countykildarelp.ie https://t.co/0F14mzw9Av"
254,519,519,Thu Nov 11 11:34:34 +0000 2021,"üèÜ ""KORANTINA HOMES"" CUP 2021"" üèÜ 
üóìÔ∏è The games schedule of the international tournament... 
First game on Saturday 13/11 at 11:00, Aris Limassol vs AFE! 
üé´ FREE ENTRANCE / COVID-19 rules are applied during the tournament for all the fans.
#pafosfc  #korantina_homescup_2021 https://t.co/Y2UUEUKqO6"
255,520,520,Thu Nov 11 11:30:19 +0000 2021,New COVID-19 Data at 2021-11-11 06:30:00 am EST #Coronavirus #COVID19 #COVID_19 https://t.co/EXGnYYQdxo
256,524,524,Thu Nov 11 11:07:30 +0000 2021,"[Automated]

#COVID #Maharashtra data. As on : 11 Nov 2021, 08:00 IST

Cases: 6,620,423(+1,094)
Active: 16,044(-899)
Deaths: 140,447(+17)
Vaccines: 99,669,139(+0)

Disclaimer: https://t.co/vl4PEedYsl"
257,525,525,Thu Nov 11 11:07:28 +0000 2021,"[Automated]

#COVID India data. As on : 11 Nov 2021, 08:00 IST

Cases: 34,401,670(+13,091)
Active: 138,556(-1,127)
Deaths: 462,189(+340)
Vaccines: 1,102,334,225(+5,754,817)

Disclaimer: https://t.co/vl4PEedYsl"
258,526,526,Thu Nov 11 11:07:25 +0000 2021,"More than 57 million pounds of PPE and other COVID-related plastic waste have polluted the oceans since pandemic began, study finds https://t.co/N4nJxiV6Yl https://t.co/JM4Oi3Wv65"
259,528,528,Thu Nov 11 11:04:15 +0000 2021,"Date-12/11/2021

Time - 9.00am to 5.00pm

Age group -18+

Onspot
Covishield
1st dose -100
2nd dose -100

Onspot 
Covaxin
1st dose-100
2nd dose-100

Note-  Punjabi Gali Diagnostic Covid-19 Vaccination Centre  Open from 7.00 am to 11.00 pm.

@mybmc https://t.co/LLI96jkw9A"
260,529,529,Thu Nov 11 11:00:19 +0000 2021,New COVID-19 Data at 2021-11-11 06:00:00 am EST #Coronavirus #COVID19 #COVID_19 https://t.co/pbiJeFi5AW
261,531,531,Thu Nov 11 10:53:58 +0000 2021,"@Jinjaninja54 @winstonofkent1 Thank you..  YES ¬£90.00 for new customers and ¬£10.00 for every new customer you sign on with us.  ¬£80.00 for existing customers, Covid has been bad for all of us just trying to do our bit. https://t.co/UE9rjNbGC6"
262,534,534,Thu Nov 11 10:52:03 +0000 2021,"Cases: 251,576,095 (+0) 
Deaths: 5,075,443 (+351) 
Recovered: 0 (+0) 
Active Cases: 251,576,095 (100%)
Completed Cases: 5,075,443 (2.02%)
Mortality Rate: 2.02% (No Change)
Case Fatality Rate: 100.00% (No Change)

#COVID19 #Coronavirus #StayHome"
263,536,536,Thu Nov 11 10:51:02 +0000 2021,"Cases: 251,576,095 (+42,096) 
Deaths: 5,075,092 (+0) 
Recovered: 0 (+0) 
Active Cases: 251,576,095 (100%)
Completed Cases: 5,075,092 (2.02%)
Mortality Rate: 2.02% (No Change)
Case Fatality Rate: 100.00% (No Change)

#COVID19 #Coronavirus #StayHome"
264,537,537,Thu Nov 11 10:47:44 +0000 2021,"@DianaPlant5 Have you been to New York the rotten apple?! Run that was run by Bill Dilousio &amp; King Cuomo the alleged senior Covid Killer &amp; sexual assaulter? Fed State City taxes! 20.00 to cross the Verrazano bridge, ticket cameras &amp; parking meters everywhere! So is the crime &amp; homelessness! https://t.co/Ac5WwXOgav"
265,540,540,Thu Nov 11 10:43:55 +0000 2021,"Have lunch with us on Monday, November 29th online to discuss the future requirements of the COVID-19 vaccination in the #EU at work.

Join us on teams on November 29 at 12.00 via the link below, where you can also read more about the event.

https://t.co/r9CJ04y1X9"
266,543,543,Thu Nov 11 10:30:19 +0000 2021,New COVID-19 Data at 2021-11-11 05:30:00 am EST #Coronavirus #COVID19 #COVID_19 https://t.co/EHDkBVAw9m
267,545,545,Thu Nov 11 10:21:50 +0000 2021,"COVID TRUMP Thu, 11 Nov 2021 04:00:00 CST"
268,548,548,Thu Nov 11 10:13:03 +0000 2021,"21.00
Disobedience and Resistance

The State of COVID: Manifesto for a Pandemic Politics, Conrad Hamilton

Centering Queer/Trans Black and Indigenous Abolition Movements in Working Toward Anti-Capitalist Futures, Jamie Magnusson

https://t.co/jS3hOwrta2"
269,549,549,Thu Nov 11 10:10:12 +0000 2021,"So @BBC6Music news bulletins today  still no news about government corruption, mishandling of covid ..
Criminal behaviour by the Tory Cabinet etc 

The news (every bulletin since 5.00) about the new dinosaur with the big nose is great though.. thanks 

#ToryCorruption 
BBC News"
270,551,551,Thu Nov 11 10:07:33 +0000 2021,"With a post-COVID landscape in mind, at the @GatesAlumni symposium on education &amp; equity this Sat 13 November 15.00 UK time we will discuss new and renewed ideas in education. Join us! Register via @Gates_Cambridge scholars'+alumni Fb and e-bulletins. https://t.co/092Ox8utqT"
271,555,555,Thu Nov 11 10:00:20 +0000 2021,New COVID-19 Data at 2021-11-11 05:00:01 am EST #Coronavirus #COVID19 #COVID_19 https://t.co/E7Ceg6Zxjv
272,556,556,Thu Nov 11 09:54:48 +0000 2021,"Today, Thursday 11th November at 15:00-16:00 CET there will be interesting workshop on ""Fosterin population health research on COVID-19 to support policy making"".
@PHIRI4EU https://t.co/Zi5Nae4BNb"
273,558,558,Thu Nov 11 09:53:25 +0000 2021,"The rate of infection in North Lincolnshire has slowly begun to increase, currently sitting at 345.6 per 100,00, an increase from the previous week‚Äôs rate of 320.7.
Read more here:https://t.co/B8RtylPuRC https://t.co/AWIIT9EKDI"
274,559,559,Thu Nov 11 09:52:30 +0000 2021,"@MichaelDTubbs @mayorsforagi It's too bad that not only am I LIS, COVID-19 ALPHA VARIANT SURVIVOR,  paralyzed from the waist down from neurological damage from COVID-19,  Home Healthcare üè°,  ruptured colon,  OSTOMY BAG, and catheter, food support cut by Hennepin County to $20.00 a month. Wrong zipcode!"
275,561,561,Thu Nov 11 09:51:03 +0000 2021,"Cases: 251,533,999 (+50,876) 
Deaths: 5,075,092 (+1,390) 
Recovered: 0 (+0) 
Active Cases: 251,533,999 (100%)
Completed Cases: 5,075,092 (2.02%)
Mortality Rate: 2.02% (No Change)
Case Fatality Rate: 100.00% (No Change)

#COVID19 #Coronavirus #StayHome"
276,565,565,Thu Nov 11 09:45:12 +0000 2021,Singapore executes people on Friday at 6:00 am. (Thursday 10:00 pm in U.K.) I was dreading tomorrow but this stay of execution for Nagaenthran is good news. Now we need to keep the pressure on. https://t.co/G4kLW71hae
277,566,566,Thu Nov 11 09:42:50 +0000 2021,"Nuclear fusion requires ‚ÄòCovid-scale‚Äô investment to unlock green energy tech, says atomic chief https://t.co/R7gPlMtxco Here we go again nuclear demands every last penny, but delivers nothing and leaves vast debts."
278,567,567,Thu Nov 11 09:37:04 +0000 2021,"COVID-19 UPDATE IN MUNTINLUPA
[As of November 11, 2021, 5:00 PM]

Follow the official social media sites of Muntinlupa LGU and DOH for updates.

CGM Facebook: https://t.co/5qfnxa9jEg
CGM Twitter: @OFFICIALMUNTI 
DOH Facebook: https://t.co/6GSZGPHqic
DOH Twitter: @DOHgovph https://t.co/xg1PpqdvOU"
279,568,568,Thu Nov 11 09:34:19 +0000 2021,"Get your COVID-19 jab with your shop today - there's a walk-in clinic taking place at Lidl, Handford Road #Ipswich from 10.00 a.m. 

See more on eligibility etc at - https://t.co/QB7x2rVxNm

@IpswichGov @suffolkcc @SNEE_ICS @ISCRE_Official @LidlGB @tomhunt1988 @EastEnglandAmb https://t.co/aOTOJ54jrh"
280,569,569,Thu Nov 11 09:33:34 +0000 2021,"Join us for a Panel Discussion on ‚ÄúSTIGMA AND DISCRIMINATION IN THE MIDST OF COVID-19""
November 16 | 5:00 PM IST/5:30 AM CST 
Register now: https://t.co/hU8VdgkC8s
@TISSMumbai @mheduNIMHANS @UChicagoMed @UChicagoBeijing https://t.co/H2wgJhho3m"
281,570,570,Thu Nov 11 09:31:01 +0000 2021,"Social Sciences and COVID-19 in Southeast Asia: (Non-)Role and (In)Significance

üìå24 NOV 2021, 4.00-5.30 pm (BKK Time)
üìçZoom (Link: https://t.co/HRrLRWQiHA) &amp; FB Live
Organized by @SEAJunction, @ui_asiarc, @GDNint https://t.co/J7iz5ptN43"
282,571,571,Thu Nov 11 09:29:15 +0000 2021,"Health and Safety reps have been crucial keeping workplaces safe during the covid crisis.

üë®‚Äçüè´ Join the online seminar:
üìÖ Thursday 11 November
üïê 10:00-13:00
üìå Sign up now https://t.co/NYIWtsD2Cl"
283,574,574,Thu Nov 11 09:26:09 +0000 2021,"Let's Be The Heroes Together To Fight #Pneumonia During COVID-19 Pandemic.Manglam Puls Medicity hospital in association with FBS will be hosting a webinar on 12th November at 11:00 AM. Please use Zoom ID- 848 6244 9669
and Password-239813 to join the webinar.
#Webinar #Awareness https://t.co/gc2JQvFyp7"
284,581,581,Thu Nov 11 09:22:00 +0000 2021,"Veryüîú, only1Ô∏è‚É£day  to go!!! 
üóì November 12th, Friday: 3:00 PM GMT üáµüáπ
üë®‚Äçü¶Ω Adaptive Sports | ‚õπÔ∏è‚Äç‚ôÄÔ∏è The Female Athlete 
üóì November 13th, Saturday:  9:30 AM GMT üáµüáπ
üò∑ COVID-19 and Sports | üéÆ E-Sports Medicine
Register today for live and on demand access: https://t.co/l3vX45d7YS https://t.co/CAmJSzMUbm"
285,582,582,Thu Nov 11 09:21:48 +0000 2021,"COVID TRUMP Thu, 11 Nov 2021 03:00:00 CST"
286,583,583,Thu Nov 11 09:21:47 +0000 2021,"COVID TRUMP Thu, 11 Nov 2021 02:00:00 CST"
287,584,584,Thu Nov 11 09:19:28 +0000 2021,"üì¢ 26 Nov 10:00-12:00 GMT webinar talk/debate

‚ñ∂Ô∏èWhat is good youth work and why is it important (including the impact of COVID on good youth work)
‚ñ∂Ô∏èInclusive youth employment
‚ñ∂Ô∏èCareer skills
‚ñ∂Ô∏èRecommendations for good youth work

https://t.co/Fnfoz5pr99

@blgnokay #ESRCFestival"
288,587,587,Thu Nov 11 09:11:35 +0000 2021,"On November 9, 2021 at 9:00 AM, Personnel of Community Based Immersion Program, 1st PMFC led by PCpL Ferdinand M Rivera, conducted Slogan Making Contest with the Theme "" Covid-19 Prevention and awareness "" said activity participated by selected Youth of  Brgy Concepcion Victoria. https://t.co/yaDrxLhOIH"
289,588,588,Thu Nov 11 09:10:31 +0000 2021,"Globally üåê,
50,237 people died from #COVID„Éº19 in the last 7 days,
‚ü∂more than the global deaths from terrorism during all of 2017 (26,445).

üìàUpdated: ~10 Nov 2021 23:50:00 GMT
#coronavirus #covid19 #covid_19"
290,589,589,Thu Nov 11 09:10:10 +0000 2021,"Covid vaccination timings extended till 10:00 PM. Dr. Abhishek Shukla, Secretary General, Association of International Doctors says : Extended timings will benefit people who are unable to reach vaccination centres during day time. https://t.co/O8Oj9pohZ1"
291,590,590,Thu Nov 11 09:10:04 +0000 2021,"Join us on 13/11/2021üìÖ at 3:00 PM‚è±Ô∏èfor a Live Session on ""Coexisting with COVID 19"" by Dr. Shobi Anandi. Consultant Pediatrician and Pediatric Endocrinologist, Sri Ramakrishna Hospital, Coimbatore.

Link: https://t.co/lxRkJ5Dr6Oüîó https://t.co/1j0oG1lHoZ"
292,594,594,Thu Nov 11 09:02:43 +0000 2021,@RealBaiLing Bai Ling praises Taiwan for COVID-free 'lifestyle' | Taiwan News | 2020-12-05 12:37:00 https://t.co/6nKemi2pc8
293,597,597,Thu Nov 11 08:56:39 +0000 2021,"On November 9, 2021 at 9:00 AM Personnel of Community Based Immersion Program (Team 2), 1st PMFC led by PCpL Ferdinand M Rivera Team Leader, Provided Police Security Assistance in Covid -19 Vaccination initiated by RHU Victoria. held at Brgy Concepcion Victoria, Oriental Mindoro. https://t.co/FnNCVsMH77"
294,599,599,Thu Nov 11 08:54:00 +0000 2021,"So like, I‚Äôm fully supportive of the resurgence of labor movements nationwide following Covid‚Ä¶ But fuck, I miss placed that were open at 3:00 am."
295,601,601,Thu Nov 11 08:51:02 +0000 2021,"Cases: 251,483,123 (+20,292) 
Deaths: 5,073,702 (+291) 
Recovered: 0 (+0) 
Active Cases: 251,483,123 (100%)
Completed Cases: 5,073,702 (2.02%)
Mortality Rate: 2.02% (No Change)
Case Fatality Rate: 100.00% (No Change)

#COVID19 #Coronavirus #StayHome"
296,602,602,Thu Nov 11 08:47:44 +0000 2021,Workers at BHP's Hunter Valley coal mine stood down due to COVID-19 vaccine mandate https://t.co/Jdhqvdn0Hs
297,604,604,Thu Nov 11 08:37:47 +0000 2021,"This #NationalEducationDay join our sr. Education Specialist, Aekta (@aekta14) for the webinar on ""Education in New Normal, Schools &amp; Covid Pandemic ‚ÄìPreparedness, Response plus Overall Resilience of Education"". 
Nov 11th | 4:00 PM IST
Register here: https://t.co/MTNehAvHzs https://t.co/X204ncsdWj"
298,606,606,Thu Nov 11 08:34:32 +0000 2021,"In partnership with the Philippine Red Cross (PRC), there shall be a dry-run of the vaccination against Covid-19 (Pfizer) for MINORS AGES 12 ‚Äì 17 YEARS OLD WITHOUT COMORBIDITIES ROPP on Friday, November 12, 2021, 9:00 am to 4:00 pm at the grounds of Colegio de San Juan de Letran. https://t.co/EML8Kpi5Mr"
299,607,607,Thu Nov 11 08:30:33 +0000 2021,"In action Away!

Sunday 14th November

@LochLomondRFC v Strathaven RFC Boys U16 A
KO @ 14:00

***

No 1st XV, 2nd XV or U18 fixtures.

Sunday's Strathaven RFC Minis (P2-7) v Lanark RFC
Cancelled due to COVID concerns @ Lanark"
300,609,609,Thu Nov 11 08:21:16 +0000 2021,"SkyRocket is feeling very proud to share our community that we have donated Rs.100,000.00 to Hamro Team Nepal who have been working hard to support the Covid-19 patients as well as their families who have been impacted by providing them free oxygen cylinders, free food etc"
301,610,610,Thu Nov 11 08:21:15 +0000 2021,"COVID TRUMP Thu, 11 Nov 2021 01:00:00 CST"
302,611,611,Thu Nov 11 08:21:14 +0000 2021,"COVID TRUMP Thu, 11 Nov 2021 00:00:00 CST"
303,612,612,Thu Nov 11 08:18:14 +0000 2021,6 Covid-19 cases found in Taranaki https://t.co/yMOrwfu5wj
304,613,613,Thu Nov 11 08:15:16 +0000 2021,New COVID-19 Data at 2021-11-10 08:00:00 pm EST #Coronavirus #COVID19 #COVID_19 https://t.co/N5jrgWKSut
305,614,614,Thu Nov 11 08:15:13 +0000 2021,I wonder if they aren‚Äôt doing banners because of Covid safety or stadium  rules. There could be so many reasons why they haven‚Äôt done it. These aren‚Äôt the before times anymore
306,615,615,Thu Nov 11 08:10:41 +0000 2021,"Capistrano USD COVID Case Count as of: 00:10 on 11-11-2021

Total Active Cases: 82

Source: https://t.co/7qmcYNQzk7"
307,617,617,Thu Nov 11 08:08:27 +0000 2021,"*üáµüá∏Palestinian MOH* 
10-11-2021 / 11:00 AM 
*üö®COVID-19 daily updates in Gaza Strip.*

üí´PCR tests in the last 24 hours:859
üí´New cases in the last 24 hours:145
üí´ Cumulative confirmed cases:185279
üí´ Seriously ill cases:49
üí´Cases that need medical care:76"
308,619,619,Thu Nov 11 08:02:37 +0000 2021,"- FOR COVID-19 RESPONSE, call 1555 / 02-886-505-00 or visit https://t.co/CEwbdK5g6u.
- FOR THE LIST OF HOTLINES, visit https://t.co/lQP0K1yCcr.
- FOR HEALTH CONCERNS, talk to licensed doctors via call or video call: https://t.co/Q6FhA1dB8Y."
309,620,620,Thu Nov 11 08:00:09 +0000 2021,"""Where are we on COVID-19 treatment options?"" on November 23, 2021 from 2:00 to 3:30 PM. A discussion on COVID-19 treatment options (outpatient and inpatient) and its developments to ensure proper and safe patient  treatment and recovery.

Register here: https://t.co/WmHhLIxM5a https://t.co/2hgxCG8jrS"
310,622,622,Thu Nov 11 07:50:03 +0000 2021,"Cases: 251,462,831 (+29,336) 
Deaths: 5,073,411 (+729) 
Recovered: 0 (+0) 
Active Cases: 251,462,831 (100%)
Completed Cases: 5,073,411 (2.02%)
Mortality Rate: 2.02% (No Change)
Case Fatality Rate: 100.00% (No Change)

#COVID19 #Coronavirus #StayHome"
311,623,623,Thu Nov 11 07:45:23 +0000 2021,"Germany COVID-19 Stats for 11. Nov 2021 at 08:44

Cases Overall: 4.875.551 (+45.416)

  Active: 345.352 (+28.472)

  Closed: 4.530.199 (+16.944)
    Deaths: 97.599 (+244)
    Recoveries: 4.432.600 (+16.700)

Last check was on 10. Nov 2021 at 09:00

Source: https://t.co/Ejv5HZWU6f"
312,624,624,Thu Nov 11 07:42:42 +0000 2021,"@DrSyedHaider around two coworkers that had second jab 2 and 3 days before for about 30 minutes. The next day I woke up very tired. Similar to when I had COVID, but not as extreme. I self treated with prayer, D3 150,00 iu, Vitamin c, NAC, Quercetin, homemade HCQ and fresh fruit lasted two days"
313,626,626,Thu Nov 11 07:41:40 +0000 2021,@sarahgirlwonder @Coles If you have had your vaccine why are u afraid. Is it because u can still get covid and spread it. Vaccinated or unvaccinated let people have a choice
314,627,627,Thu Nov 11 07:41:22 +0000 2021,"We inform you of the time required for COVID-19 quarantine at Narita Airport on Thursday, 11th of November, 2021.

‚óèT-1 OZ102(Seoul)

„ÄäAirplane arrival time„Äã
‚óèPM 00:02

„ÄäLimousine boarding time„Äã
‚óèPM 02:36

Our limousine service is available to move after quarantine."
315,628,628,Thu Nov 11 07:39:55 +0000 2021,"Australia: Activists to protest COVID-19 regulations in Melbourne from 12:00 Nov. 13
https://t.co/TQcxMazkTc"
316,629,629,Thu Nov 11 07:38:00 +0000 2021,"Thank you for joining this roundtable. To learn about the upcoming book ""Health system resilience and COVID-19: Lessons and strategies for building back better"", register for our webinar on Tuesday 16 Nov at 12:00 CET: https://t.co/0qUOIEqguV"
317,630,630,Thu Nov 11 07:33:44 +0000 2021,"[NOTICE] First council meeting of the new Stellenbosch Council

üóìÔ∏è Monday, 15 November
üìç Stellenbosch Town Hall
üïô 10:00
üò∑ By invite only (COVID restrictions) 
üíª Can be followed online 

https://t.co/2jgtvIeQlH https://t.co/33ubNDv4pc"
318,633,633,Thu Nov 11 07:15:02 +0000 2021,"All of our Covid-19 vaccination sites, except Dis-Chem Direct, are open this Saturday, 13 November, from 9:00 - 15:00 to assist anyone, South African or not, to #VaccinateToSaveSA! üáøüá¶ Walk-ins welcome. Learn more: https://t.co/LPcRc5e832 #VoomaVaccination https://t.co/4PMajL783k"
319,636,636,Thu Nov 11 07:12:01 +0000 2021,"Today at approximately 8:00 a.m. EST, @SecBlinken will deliver remarks at a virtual COVID-19 Ministerial. Watch live here on Twitter, https://t.co/58Uc9lIgDz, and https://t.co/RqFCwxfZGu. https://t.co/5I6YvLoxwW"
320,637,637,Thu Nov 11 07:10:08 +0000 2021,"Lancaster County COVID Numbers (11/10/21):

Total Deaths: 1,359
Deaths reported today: 9
Total Cases: 73,439
Cases reported today: 179
Mortality Rate: 1.85% (PA= 2.00%, Natl= 1.62%)
New Case Metric: 424.0 #COVID"
321,639,639,Thu Nov 11 07:07:32 +0000 2021,"WHO in another slow to roll out cheap deal for Covid19 testing.. usd5.00  for  ' them ' &amp; UK ¬£10 to ¬£50
Why can't we use NHS provided tests..
https://t.co/J3gq2OSLFf"
322,640,640,Thu Nov 11 06:52:58 +0000 2021,"Good morning. We will be online until 21:00 this evening-MH

We are operating at full capacity again, but Covid-19 public health measures remain in place: 

Face coverings mandatory 
Prebooking of Intercity &amp; Enterprise travel encouraged
Please avoid busiest times where possible https://t.co/Lq2u198Hw6"
323,641,641,Thu Nov 11 06:52:36 +0000 2021,"Plan to join us today
Topic: Re-opening of schools after Covid-19. What next? A talk by PP Paul Kiguba.
Time: Nov 11, 2021 07:00 PM Africa/Kampala

Join Zoom Meeting
https://t.co/0E3urGVb1f

Meeting ID: 814 0942 3645
Passcode: schools https://t.co/VF5aH36H0t"
324,642,642,Thu Nov 11 06:49:47 +0000 2021,"@govtnz if someone who is vaxxed gets Covid from an anti vaxxer will there be a legal avenue to pursue for damages, especially if Long Covid is also involved? If not make one"
325,643,643,Thu Nov 11 06:48:47 +0000 2021,"New announcement for Ko Samui, effective from 11 Nov 21
‚úÖ Restaurants under Vaccine Green Zone can serve alcohol and organize Live Music
‚úÖ Shops etc. can open until 24:00  
‚úÖ Only either COVID test / Vaccine is required to enter Samui domestically https://t.co/RJxyiWEa1E"
326,644,644,Thu Nov 11 06:47:02 +0000 2021,"Cases: 251,433,495 (+447) 
Deaths: 5,072,682 (+11) 
Recovered: 0 (+0) 
Active Cases: 251,433,495 (100%)
Completed Cases: 5,072,682 (2.02%)
Mortality Rate: 2.02% (No Change)
Case Fatality Rate: 100.00% (No Change)

#COVID19 #Coronavirus #StayHome"
327,646,646,Thu Nov 11 06:30:07 +0000 2021,"Matthew McConaughey, who is contemplating a run for Texas governor, said Tuesday that he opposes COVID-19 vaccine mandates for ""younger kids."" https://t.co/s9s7ti0KgB"
328,648,648,Thu Nov 11 06:27:10 +0000 2021,"@SueT_00 @radionz Vaccinated and uvaccinated contract and spread covid at very similar rates.

This who ""protecting others"" is part if the propaganda. Like teachers must be vaccinated but students aren't.

Think for yourself"
329,650,650,Thu Nov 11 06:24:32 +0000 2021,"Scheduled flight operations
 
Date : 10.11.2021
Airline: Alliance air
No. of ARR flights : 1
No. of DEP flights :1
No. of ARR PAXs :. 71
No. of DEP PAXs :   67

No. of cases detected COVID Positive :00
@AAI_Official 
@aairedwr 
@allianceair"
330,659,659,Thu Nov 11 05:57:04 +0000 2021,"Eastern Regional High School will serve as a Covid-19 and Flu Shot Vaccination Site on Nov. 11, 2021 from 3:00 pm - 6:00pm in our 500 Cafeteria; Moderna and Pfizer boosters will be given. The vaccine is also available for kids age 5-11. https://t.co/NepSSTKka6"
331,660,660,Thu Nov 11 05:47:02 +0000 2021,"Cases: 251,433,048 (+25,662) 
Deaths: 5,072,671 (+567) 
Recovered: 0 (+0) 
Active Cases: 251,433,048 (100%)
Completed Cases: 5,072,671 (2.02%)
Mortality Rate: 2.02% (No Change)
Case Fatality Rate: 100.00% (No Change)

#COVID19 #Coronavirus #StayHome"
332,666,666,Thu Nov 11 05:29:45 +0000 2021,"Session 10

Mental Health and COVID-19

On 11th November 2021, Thursday, 6:00 ‚Äì 7:00 PM (IST) https://t.co/hR6fGvpjaG https://t.co/tYrfi73HpT"
333,669,669,Thu Nov 11 05:21:38 +0000 2021,"COVID TRUMP Wed, 10 Nov 2021 23:00:00 CST"
334,671,671,Thu Nov 11 05:14:40 +0000 2021,"- FOR COVID-19 RESPONSE, call 1555 / 02-886-505-00 or visit https://t.co/yoloXfmu8a.
- FOR THE LIST OF HOTLINES, visit https://t.co/HD22TxQn1b.
- FOR HEALTH CONCERNS, talk to licensed doctors via call or video call: https://t.co/fNjyiLAEiF."
335,675,675,Thu Nov 11 05:08:44 +0000 2021,"Getting ready for an COVID-19 early treatment summit at 8:00 AM with Dr. Richard Urso, Dr. Ryan Cole and Dr. Meryl Nass.  It is going to a full house! https://t.co/k0x7roTe8S"
336,679,679,Thu Nov 11 04:59:30 +0000 2021,"Pope Francis called getting vaccinated an ""act of love"" in a video message on Wednesday, adding his voice to a campaign to dispel vaccine skepticism and assure that they are safe and effective. https://t.co/GwLjzVIMtB https://t.co/wx3NsQMWmv"
337,683,683,Thu Nov 11 04:47:02 +0000 2021,"Cases: 251,407,386 (+4,599) 
Deaths: 5,072,104 (+58) 
Recovered: 0 (+0) 
Active Cases: 251,407,386 (100%)
Completed Cases: 5,072,104 (2.02%)
Mortality Rate: 2.02% (No Change)
Case Fatality Rate: 100.00% (No Change)

#COVID19 #Coronavirus #StayHome"
338,684,684,Thu Nov 11 04:45:59 +0000 2021,"Covid Numbers November 11, 2021: 7,496 confirmed cases, 3,152 probable cases, 57 deaths (1.00%). 96,450 patients treated, 43,184 are in hospital, 40,720 in hospitels 6,484 in home/community isolation. 1,846 people in a serious condition (-31) with 425 on ventilators (+2)"
339,685,685,Thu Nov 11 04:41:17 +0000 2021,""" no significant difference in viral load between vaccinated and unvaccinated people who tested positive for the delta variant of SARS-CoV-2. It also found no significant difference between infected people with or without symptoms.""
https://t.co/2LVTJaGXFm"
340,689,689,Thu Nov 11 04:29:11 +0000 2021,"Assam reports 283 new #COVID cases, 371 recoveries, and four deaths in the last 24 hours.

Total cases: 6,10,433
Total recoveries: 6,00,738
Death toll: 5,996

Active cases: 2,352 https://t.co/Em168cW7Q9"
341,694,694,Thu Nov 11 04:21:41 +0000 2021,"COVID TRUMP Wed, 10 Nov 2021 22:00:00 CST"
342,695,695,Thu Nov 11 04:19:53 +0000 2021,SAY NO TO COVID-19 VACCINE MANDATES - Pauline Hanson‚Äôs One Nation Party https://t.co/cdd2Woc5Bw via @OneNationAus
343,698,698,Thu Nov 11 04:06:36 +0000 2021,"This Friday!!

11/12Ôºàfri)
Mio Mama's Birthday party with COVID-19
OGYAAAAAA!!
„Äú The steep road to everyday life„Äú 

@ Tangle 
20:00-05:00
¬•1500/w1D https://t.co/KldnaWMSQU"
344,699,699,Thu Nov 11 04:04:30 +0000 2021,"I'm discussing ‚ÄúCOVID UPDATE-‚Äù with @DrFrita, @NRochesterMD, @AllergyHealth, @DrCindyMDuke, @DrGeoffreyMPH, @docdanmd, Dr Rhea Craigen, @drleslieannMD, @basilmd0, @ENirenberg, and MEDICAL COLLECTIVE . Today, Nov 10 at 11:00 AM CST in @clubhouse. Join us! https://t.co/j75vy6d6eA"
345,701,701,Thu Nov 11 03:55:12 +0000 2021,"After weeks of declines, U.S. Covid cases have stalled at a high level: 'The ERs are packed' https://t.co/nuyXbfoTty"
346,705,705,Thu Nov 11 03:49:02 +0000 2021,"$BDMS #Bangkok Dusit Medical Services PCL ... Thailand Daily - Thursday, November 11, 2021: KEY HIGHLIGHTS Results Bangkok Dusit Medical Services (BDMS TB/BUY/Bt24.00/Target: Bt27.50) 3Q21: Earnings beat from COVID-19 patients and better‚Ä¶ https://t.co/aoqdVknjwi #equity #stocks https://t.co/8BGpNFBqlF"
347,707,707,Thu Nov 11 03:47:03 +0000 2021,"Cases: 251,402,787 (+0) 
Deaths: 5,072,046 (+222) 
Recovered: 0 (+0) 
Active Cases: 251,402,787 (100%)
Completed Cases: 5,072,046 (2.02%)
Mortality Rate: 2.02% (No Change)
Case Fatality Rate: 100.00% (No Change)

#COVID19 #Coronavirus #StayHome"
348,708,708,Thu Nov 11 03:45:59 +0000 2021,"Vakksed pro football player get sick enough to go to the hospital. The fire department where I volunteer had a medical call Sunday, patient double vakksed, had Covid over a year ago got it again. WTF is happening here? https://t.co/NY0uo0Bozr"
349,709,709,Thu Nov 11 03:45:02 +0000 2021,"Cases: 251,402,787 (+50,397) 
Deaths: 5,071,824 (+0) 
Recovered: 0 (+0) 
Active Cases: 251,402,787 (100%)
Completed Cases: 5,071,824 (2.02%)
Mortality Rate: 2.02% (No Change)
Case Fatality Rate: 100.00% (No Change)

#COVID19 #Coronavirus #StayHome"
350,711,711,Thu Nov 11 03:42:45 +0000 2021,"Starting tomorrow, our UT Health RGV Pediatric Speciality clinic will be offering COVID-19 vaccines for children 5-11, by appointment, during the following times.

Tue &amp; Fri.: 1:00 - 5:00 pm
Wed.: 8:00 am - 12:00 pm

To make an appointment contact us at (956) 296-1960 https://t.co/UtUmGv6gW0"
351,712,712,Thu Nov 11 03:41:09 +0000 2021,"üì£Join us on Thursday, November 11 at 5:00 p.m. for our virtual Education Commission Meeting!

View the agenda:¬†https://t.co/rWqdFliTZa

The Council Chamber is closed to the public at this time due to the increase in COVID-19 cases in Los Angeles County. https://t.co/KZdZVkwjXm"
352,713,713,Thu Nov 11 03:38:44 +0000 2021,"[Automated]

#COVID #Maharashtra data. As on : 10 Nov 2021, 08:00 IST

Cases: 6,619,329
Active: 16,943
Deaths: 140,430
Vaccines: 99,669,139

Disclaimer: https://t.co/vl4PEedYsl"
353,714,714,Thu Nov 11 03:38:43 +0000 2021,"[Automated]

#COVID India data. As on : 10 Nov 2021, 08:00 IST

Cases: 34,388,579(+11,466)
Active: 139,683(-955)
Deaths: 461,849(+460)
Vaccines: 1,096,359,208(+5,269,137)

Disclaimer: https://t.co/vl4PEedYsl"
354,722,722,Thu Nov 11 03:27:05 +0000 2021,Mauritius closes schools amid rise in Covid cases https://t.co/q3YnrlYATq via @BBCNews
355,724,724,Thu Nov 11 03:24:25 +0000 2021,"So. Lowtax (founder of Something Awful) got covid and died.

I had some laughs on the forums, but their 00's edginess taught me a lot of awful lessons I had to unlearn. (For example: furries, queer, and autistic folks are rad, actually). 

Not shocked he turned out to be awful."
356,727,727,Thu Nov 11 03:21:08 +0000 2021,"COVID TRUMP Wed, 10 Nov 2021 21:00:00 CST"
357,728,728,Thu Nov 11 03:21:08 +0000 2021,"COVID CLIMATE Wed, 10 Nov 2021 20:00:00 CST"
358,731,731,Thu Nov 11 03:14:59 +0000 2021,I can‚Äôt believe I stopped in a bar in Saskatchewan and they called last call by 9:00 pm due to covid regs. That seems crazy in a place that Is trying to make a living off their six paying customers.
359,732,732,Thu Nov 11 03:10:26 +0000 2021,"Globally üåê,
currently, a new case of #COVID„Éº19 is confirmed roughly every 0.18 seconds.

üìàUpdated: ~10 Nov 2021 23:50:00 GMT
#coronavirus #covid19 #covid_19"
360,734,734,Thu Nov 11 03:00:22 +0000 2021,New COVID-19 Data at 2021-11-10 10:00:00 pm EST #Coronavirus #COVID19 #COVID_19 https://t.co/eTLeDHZdNJ
361,738,738,Thu Nov 11 02:47:02 +0000 2021,"Cases: 251,352,390 (+0) 
Deaths: 5,071,824 (+67) 
Recovered: 0 (+0) 
Active Cases: 251,352,390 (100%)
Completed Cases: 5,071,824 (2.02%)
Mortality Rate: 2.02% (No Change)
Case Fatality Rate: 100.00% (No Change)

#COVID19 #Coronavirus #StayHome"
362,741,741,Thu Nov 11 02:45:02 +0000 2021,"Cases: 251,352,390 (+4,058) 
Deaths: 5,071,757 (+0) 
Recovered: 0 (+0) 
Active Cases: 251,352,390 (100%)
Completed Cases: 5,071,757 (2.02%)
Mortality Rate: 2.02% (No Change)
Case Fatality Rate: 100.00% (No Change)

#COVID19 #Coronavirus #StayHome"
363,745,745,Thu Nov 11 02:36:24 +0000 2021,"Inflation surges to 31-year high. What the jump in consumer prices means for your pocketbook, Joe Biden's troubles https://t.co/5hYgMe0Ly3 Republicans let covid spread causing businesses and people to shut down so we have inflation now that Biden is dealing with"
364,748,748,Thu Nov 11 02:16:42 +0000 2021,"üíâCOVID-19 VACCINE | Healthy Kids Clinic will offer drive-through vaccine clinics w/ Pfizer COVID-19 Vaccine for anyone ages 5 &amp; up Nov. 16 @ NWES from 4:30-6:30 p.m. &amp; on Nov. 20 @ WCHS from 9:00 a.m.-1:00 p.m. Open to public; no appt required. 

#WCPride https://t.co/FGGevhvXVN"
365,753,753,Thu Nov 11 02:00:20 +0000 2021,New COVID-19 Data at 2021-11-10 09:00:01 pm EST #Coronavirus #COVID19 #COVID_19 https://t.co/jJISmww2Iy
366,757,757,Thu Nov 11 01:53:37 +0000 2021,"DEFY BRUTALIST || November 20, 2021 || Seattle WA

JON MOXLEY vs FILTHY TOM LAWLOR

JOEY JANELA vs NICK WAYNE

Tickets go on sale THIS Tuesday at 10:00 AM (PST)
Tix: https://t.co/pdhXCgrVht

Covid Restrictions: https://t.co/4YzOMVXVtO https://t.co/vaQ70kDNIy"
367,758,758,Thu Nov 11 01:51:19 +0000 2021,"LOVE ON TOUR. SHOP MERCH EARLY.
Friday, 11/12, at Gila River Arena.
Masks are required while shopping.

All guests age 12 and older will be required to provide proof of full COVID-19 vaccination. https://t.co/14LeBA2Ivb"
368,760,760,Thu Nov 11 01:45:03 +0000 2021,"Cases: 251,348,332 (+0) 
Deaths: 5,071,757 (+370) 
Recovered: 0 (+0) 
Active Cases: 251,348,332 (100%)
Completed Cases: 5,071,757 (2.02%)
Mortality Rate: 2.02% (No Change)
Case Fatality Rate: 100.00% (No Change)

#COVID19 #Coronavirus #StayHome"
369,761,761,Thu Nov 11 01:44:03 +0000 2021,"Cases: 251,348,332 (+13,500) 
Deaths: 5,071,387 (+0) 
Recovered: 0 (+0) 
Active Cases: 251,348,332 (100%)
Completed Cases: 5,071,387 (2.02%)
Mortality Rate: 2.02% (No Change)
Case Fatality Rate: 100.00% (No Change)

#COVID19 #Coronavirus #StayHome"
370,767,767,Thu Nov 11 01:28:22 +0000 2021,"Be a part of the relief. Be a part of the greater good.
Join Global stars in supporting the ‚ÄúIndia COVID Response Fund‚Äù. Live on 15 August 2021, 7:30 PM IST, 3:00 PM BST, 10:00 AM EST &amp; 7:00 AM PST. Donate now: https://t.co/86XacWZ6sb https://t.co/N5eeMEecBf"
371,768,768,Thu Nov 11 01:21:53 +0000 2021,"COVID CLIMATE Wed, 10 Nov 2021 19:00:00 CST"
372,769,769,Thu Nov 11 01:21:51 +0000 2021,"COVID CLIMATE Wed, 10 Nov 2021 18:00:00 CST"
373,770,770,Thu Nov 11 01:20:58 +0000 2021,"Today's show is available in Podcast form NOW!

0:00: This Week in COVID-19

23:40: This Week in Sports

1:10:57: @JezData on NBA and MLS analytics

Listen HERE:üëáüëáüëá
https://t.co/ede4wFpK7s"
374,771,771,Thu Nov 11 01:20:42 +0000 2021,"After weeks of declines, U.S. Covid cases have stalled at a high level: 'The ERs are packed' https://t.co/DVlW33Y2lB"
375,773,773,Thu Nov 11 01:11:45 +0000 2021,"Hollywood Blvd, Saturday, 11:22 AM:

ANTI-VAXX PROTESTER: Do you see all of these homeless people around. Are they dead in the street with COVID? Hell no. Why?

HOMELESS PERSON (walking by): Because I‚Äôm vaccinated you dumb fuck. https://t.co/rPskpOqtKs"
376,775,775,Thu Nov 11 01:08:35 +0000 2021,"@BettyRatched @BrokenWings8502 Insurance doesn‚Äôt cover it at all where I am. I think it‚Äôs about $150.00 per session. I‚Äôve never done it, though I made a few phone calls to inquire before Covid."
377,776,776,Thu Nov 11 01:07:04 +0000 2021,"Terrifying 

https://t.co/8S3f0Nkzs0"
378,781,781,Thu Nov 11 00:56:48 +0000 2021,"47:12 meeting agenda
47:29 Question for committee
50:05 Epidemiology of Covid-19 in 5-11yo
1:10:33 Q&amp;A for same
1:28:00 vax assoc myocarditis 
1:52:30 Q&amp;A for same
2:24:20 Pfizer‚Äôs EUA request for 5-11yo
2:49:00 Q&amp;A for same
3:10:05 FDA review effectiveness and safety in 5-11yo"
379,782,782,Thu Nov 11 00:55:40 +0000 2021,"More than 57 million pounds of PPE and other COVID-related plastic waste have polluted the oceans since pandemic began, study finds  https://t.co/CGIXblFEEB"
380,784,784,Thu Nov 11 00:50:20 +0000 2021,"@Otto_English I personally think it‚Äôs far worse. What happened to the ¬£37 billion from Test &amp; Trace - alone!? ¬£37 billion?! 
(Then there are the dodgy contracts) 
160,000+ dead from Covid, 160,00!! 
Would *any* previous government subject us to that?"
381,785,785,Thu Nov 11 00:44:03 +0000 2021,"Cases: 251,334,832 (+6,879) 
Deaths: 5,071,387 (+63) 
Recovered: 0 (+0) 
Active Cases: 251,334,832 (100%)
Completed Cases: 5,071,387 (2.02%)
Mortality Rate: 2.02% (No Change)
Case Fatality Rate: 100.00% (No Change)

#COVID19 #Coronavirus #StayHome"
382,786,786,Thu Nov 11 00:40:31 +0000 2021,"Covid-19: V√©ran warns about what ""clearly looks like the beginning of a fifth wave"" https://t.co/MaqnRItwpb The Minister of Health, invited at 8:00 p.m. on TF1, addressed the health situation and spec..."
383,787,787,Thu Nov 11 00:38:31 +0000 2021,"‚ÄúWe can, ultimately, get COVID to a place where it‚Äôs somewhere in between the cold and the flu‚Äù: @Surgeon_General says coronavirus could be with us forever, but that doesn‚Äôt mean it will always be a disruption to daily life. https://t.co/BmrLvRxb1o https://t.co/T6pSiedLpb"
384,789,789,Thu Nov 11 00:36:15 +0000 2021,"‚ùå Signs will NOT be allowed in the venue

üö™ All entrances will be open at 6:00 PM to verify your proof of vaccination or negative COVID-19 test within 48 hours of the show date. 

üò∑ Masks required on the General Admission floor

3/5"
385,790,790,Thu Nov 11 00:34:26 +0000 2021,"Well I just wanna let some feeling out since the reason for Roboco san taking a break hit a bit close to home.
Before Covid hit, I was working as a bartender for five years despite not being the most social person. But I loved creating cocktails and so I loved my job 
Cont."
386,794,794,Thu Nov 11 00:27:32 +0000 2021,"Yesterday's written release wasn't until 6:00 PM.

It used to be at 3:00.   @CDCofBC 

At some point they'll just stop releasing any covid data since BCers seem content to 'live with' this virus.   #sheep #BCpoli #COVID19 https://t.co/WlMOnbq7On"
387,797,797,Thu Nov 11 00:20:42 +0000 2021,"@JoeBiden More BS .., example if I want to go to Grand Forks, ND I need a Covid test $169.00 then a Covid passport ..  I have been vaccinated twice already and have proof by a scanner. I usually don‚Äôt spend more than $300 for shopping in 3 days! I‚Äôve spent my shopping money and"
388,799,799,Thu Nov 11 00:18:27 +0000 2021,"#COVID19 Update (as of 11/10/21 at 12:00 am):
‚Ä¢ 5,269 additional positive cases of COVID-19
‚Ä¢ 1,608,022 total cases statewide 
‚Ä¢ 31,188 deaths statewide
‚Ä¢ 14,361,302 doses of vaccine have been administered (as of 11/10/21)

More information: https://t.co/7pzosEXhEX"
