Unnamed: 0,date,text
1,Sat Nov 13 23:56:03 +0000 2021,"Cases: 252,874,326 (+0) 
Deaths: 5,094,264 (+21) 
Recovered: 0 (+0) 
Active Cases: 252,874,326 (100%)
Completed Cases: 5,094,264 (2.01%)
Mortality Rate: 2.01% (No Change)
Case Fatality Rate: 100.00% (No Change)

#COVID19 #Coronavirus #StayHome"
2,Sat Nov 13 23:55:02 +0000 2021,"Cases: 252,874,326 (+3,539) 
Deaths: 5,094,243 (+0) 
Recovered: 0 (+0) 
Active Cases: 252,874,326 (100%)
Completed Cases: 5,094,243 (2.01%)
Mortality Rate: 2.01% (No Change)
Case Fatality Rate: 100.00% (No Change)

#COVID19 #Coronavirus #StayHome"
3,Sat Nov 13 23:53:31 +0000 2021,"211113 10:00 G-SHOCK weibo x Wang Yibo

G-SHOCK CITY BATTLE in Shanghai, scheduled for Nov 20th, is postponed due to the current covid-19 situation. https://t.co/LLsCE0AivP"
4,Sat Nov 13 23:50:46 +0000 2021,"Just got an email from Fox Nation, inviting me to join Fox hosts like Tucker, Hannity, Ingraham, and Bongino ""in person"" at their awards show.

Small print at the very end: ""Attendees must show either a COVID vaccine card OR proof of a negative COVID test"" https://t.co/METBiolXWt"
7,Sat Nov 13 23:45:02 +0000 2021,"To know all &amp; accurate information subscribe to the Nitin Shukla youtube channel. (2/2)
#Scam2021

@NSO365

Time stamp 1:11:00 - 2:14:00
https://t.co/YHGosPrX6v

Report:
https://t.co/pfc7MiXANf

Website:
https://t.co/7UZ8htWZFS https://t.co/YIWhXORezk"
8,Sat Nov 13 23:44:21 +0000 2021,Once-healthy kids struggling with symptoms months after COVID-19 infection https://t.co/Nc3PTfQXMK
10,Sat Nov 13 23:38:52 +0000 2021,"So, 4% of teens reported cases of myocarditis. 

1.2-2% of children with COVID-19 end up with severe COVID and hospitalized. .00-.03% die. (Data from AAP based on reported cases through November 4) (https://t.co/wAXPPEgSaB)

Tell me again why we are risking any heart damage? https://t.co/5pRgqlPXW9"
15,Sat Nov 13 23:30:18 +0000 2021,New COVID-19 Data at 2021-11-13 06:30:00 pm EST #Coronavirus #COVID19 #COVID_19 https://t.co/wMOdozckf0
29,Sat Nov 13 23:17:58 +0000 2021,"What an excellent day, who's coming back for round two tomorrow?

Remember to have your covid requirements to hand to help keep the queue flowing nicely. And yes, tickets will be available on the door!

Sunday opening times 10:00 - 17:00 https://t.co/H7muSNvtO1"
30,Sat Nov 13 23:17:53 +0000 2021,"""Understanding Long Covid: 
""Understanding Long Covid: the Unseen Public Health Crisis""isis""

Friday November 19
2:00 pm ET, 17:00 GMT, 18:00 CET.

@fi_lowenstein moderates, panel includes @ahandvanish @WesElyMD @kavitapmd and others.

registration:
https://t.co/aOBCAXbvCe https://t.co/N90LxQTpp5"
33,Sat Nov 13 23:09:52 +0000 2021,"After experiencing a breakthrough case of COVID while working in Ireland, #JaneKrakowski has withdrawn from #NBC's #AnnieLive. #MeganHilty will now fill the role of Lily St. Regis. ""Annie Live!"" will air December 2 at 8:00 PM. https://t.co/oZKXgUzHCE"
34,Sat Nov 13 23:09:34 +0000 2021,@packers Rodgers should have been fired and find $300.000.00 not the league. Rodgers must have been in contact with someone with Covid 19 He put friends family and public in danger. You think with Covid 19 in US 10 Million on going cases he think of everyone he is in contact specially NFL
38,Sat Nov 13 23:00:20 +0000 2021,New COVID-19 Data at 2021-11-13 06:00:01 pm EST #Coronavirus #COVID19 #COVID_19 https://t.co/KJoI7IrRM9
41,Sat Nov 13 22:56:42 +0000 2021,The Biden admin and blue states across the country are vehemently pressing parents to vaccinate their young children for covid despite the fact that coronavirus hospitalization and mortality rates among children are incredibly low. https://t.co/dLoQ60Ekjl
45,Sat Nov 13 22:54:03 +0000 2021,"Cases: 252,870,787 (+8,787) 
Deaths: 5,094,243 (+113) 
Recovered: 0 (+0) 
Active Cases: 252,870,787 (100%)
Completed Cases: 5,094,243 (2.01%)
Mortality Rate: 2.01% (No Change)
Case Fatality Rate: 100.00% (No Change)

#COVID19 #Coronavirus #StayHome"
51,Sat Nov 13 22:49:21 +0000 2021,"Biden Pushes Coronavirus Vaccines on Children, 0.00%-0.03% of Child Cases Fatal https://t.co/YCMCJnEICe via @BreitbartNews"
54,Sat Nov 13 22:45:43 +0000 2021,"My neighbour was banging on my ceiling/his floor at 3:00 am, I choke on my neighbour's cigarette smoke AND pungent air freshener, the elevator is a COVID tube, I can't get out in a fire...but sure am glad I have class consciousness to live in a fcking apt. /s"
59,Sat Nov 13 22:42:18 +0000 2021,"I am blown away by this COVID vaccine video, one of the coolest things I have seen in a long time https://t.co/yREIETqtWh"
60,Sat Nov 13 22:41:57 +0000 2021,"CBK, [13/11/2021 √† 00:17]
Like the Dutch, Austrians hit the streets tonight too as the government announced a new lockdown for those not willing to be injected with the experimental covid vaccine!

Join @CBKNEWS https://t.co/Ih5GHzIdqV"
62,Sat Nov 13 22:40:56 +0000 2021,"See you tonight at 9:00 p.m. at The Show!! Get tickets at https://t.co/fXMWDzfTWK!

**Masked required throughout the performance and proof of vaccination or recent negative covid test**
@TheBoxABQ"
70,Sat Nov 13 22:34:28 +0000 2021,"Santa flashing his Covid Pass @ 00:52 to be allowed to participate in Christmas ?!?

I think I‚Äôve seen it all now ‚Ä¶ https://t.co/JYAJfRzpWt"
77,Sat Nov 13 22:30:19 +0000 2021,New COVID-19 Data at 2021-11-13 05:30:00 pm EST #Coronavirus #COVID19 #COVID_19 https://t.co/UzuY8Lr3eR
95,Sat Nov 13 22:22:55 +0000 2021,"Social Sciences and COVID-19 in Southeast Asia: (Non-)Role and (In)Significance

üìå24 NOV 2021, 4.00-5.30 pm (BKK Time)
üìçZoom (Link: https://t.co/HRrLRWQiHA) &amp; FB Live
Organized by @SEAJunction, @ui_asiarc, @GDNint https://t.co/J7iz5ptN43"
103,Sat Nov 13 22:18:36 +0000 2021,First Covid cases confirmed in Rotorua. A young mother and her bf who escaped from Auckland. More to come.
104,Sat Nov 13 22:16:24 +0000 2021,Sing praises to the Lord! Join us online or in-person Sunday at 10:00 for our Worship Service lead by guest speaker Brent Ellis. Message: Looking Ahead. For Covid Protocols and Zoom link visit https://t.co/1X38ZhSDoI #HamOnt #Churches
107,Sat Nov 13 22:13:29 +0000 2021,10 New York mass COVID vaccination sites open to children 5-11 https://t.co/UeN6zHyBId
108,Sat Nov 13 22:12:33 +0000 2021,COVID-19's epicentre again: Europe faces fresh reckoning https://t.co/IhWhjoU2rf https://t.co/O4lUOM48zv
110,Sat Nov 13 22:10:25 +0000 2021,"@SAP__00 @maximumcharacte Interestingly, those who abuse androgens are high risk of severe covid"
112,Sat Nov 13 22:09:56 +0000 2021,"Brandon is fixing that cola raise seniors were looking forward too. Just announced that ""due to covid"" of course) Medicare part B deduction is increasing by 14.2%, up from $148.00 a month to $170. Petty much negates that big 6.2% cola huh!"
113,Sat Nov 13 22:09:42 +0000 2021,"Gets paid U$ 500,000.00 for lobbying on behalf of Cambodia

https://t.co/TymUqLFsbA"
120,Sat Nov 13 22:02:48 +0000 2021,"@AndrewLittleMP @NewshubNationNZ I strongly advise the use of Hyperbaric Oxygen Therapy (HBOT) as an alternative in treating COVID. They can be operated by untrained personnel 500 x Hyperbaric oxygen chambers = $8,000,000 USD or $11,332,568.00 NZD + shipping/tax.https://t.co/HX6WdxYEcg https://t.co/MInI3nRfOZ"
123,Sat Nov 13 22:01:31 +0000 2021,"@BobChar20165357 I strongly advise the use of Hyperbaric Oxygen Therapy (HBOT) as an alternative in treating COVID. They can@be operated by untrained personnel 500 x Hyperbaric oxygen chambers = $8,000,000 USD or $11,332,568.00 NZD + shipping/tax.https://t.co/HX6WdxYEcg https://t.co/MInI3nRfOZ"
124,Sat Nov 13 22:00:20 +0000 2021,New COVID-19 Data at 2021-11-13 05:00:00 pm EST #Coronavirus #COVID19 #COVID_19 https://t.co/7IXPyVZSaQ
128,Sat Nov 13 21:57:07 +0000 2021,"In the United States, 400,000 covid deaths (of 700K) occurred after the 1st vaccines were given. Almost all of the last 200,00 deaths would have been prevented if these people had been vaccinated
https://t.co/hCkFGJgNaH @LaurenLeatherby https://t.co/Y4C1ksOB5b"
131,Sat Nov 13 21:54:02 +0000 2021,"Cases: 252,862,000 (+0) 
Deaths: 5,094,130 (+62) 
Recovered: 0 (+0) 
Active Cases: 252,862,000 (100%)
Completed Cases: 5,094,130 (2.01%)
Mortality Rate: 2.01% (No Change)
Case Fatality Rate: 100.00% (No Change)

#COVID19 #Coronavirus #StayHome"
132,Sat Nov 13 21:53:02 +0000 2021,"Cases: 252,862,000 (+7,298) 
Deaths: 5,094,068 (+0) 
Recovered: 0 (+0) 
Active Cases: 252,862,000 (100%)
Completed Cases: 5,094,068 (2.01%)
Mortality Rate: 2.01% (No Change)
Case Fatality Rate: 100.00% (No Change)

#COVID19 #Coronavirus #StayHome"
133,Sat Nov 13 21:52:14 +0000 2021,$60.00 per pill Pfizer vs .60 per pill for Ivermectin. üòâ https://t.co/URx0u69owy
134,Sat Nov 13 21:50:25 +0000 2021,"4Million quit their jobs last month! Fuel up to $8.00 a gallon more deaths from Covid under Biden! Chain Supply Blockage, Net Pay down 1 1/2%. Elderly and poor don‚Äôt care Stock Markets. They care about affording food and paying their Electric and gas bills! #Bidenflation https://t.co/r0THwK8s2M"
135,Sat Nov 13 21:40:17 +0000 2021,"@BBCWorld Bars, cafes and restaurants can keep serving (QR codes required for diners who want to stay rather than take-away) between 06:00-20:00. 
Sports matches can go ahead, but without spectators, Coronavirus entry passes and assigned seats are mandatory in food and drink venues."
137,Sat Nov 13 21:34:08 +0000 2021,"COVID booster shots allowed for all adults in California, Colorado and New Mexico
 https://t.co/Cm19x0GYD8"
138,Sat Nov 13 21:27:00 +0000 2021,"Bloomberg: 

‚ÄúModerna acknowledged the company‚Äôs vaccine does appear linked to increased chances of an inflammatory heart condition known as myocarditis in young men.‚Äù

Moderna share price down 34% in 11 days.

https://t.co/Nb8tFlSIDp"
139,Sat Nov 13 21:25:11 +0000 2021,"I mean... So far 4 for 4. Dengue, Zika, Chikungunya and a ""Universal coronavirus vaccine"" $OCGN #COVAXIN #VaxThera #Vaccigen #Ocugen 

Oh and see who that partner is? @IVIHeadquarters https://t.co/AZxaKYdL2t

Yeah. Mic-drop. See you at 100.00+ https://t.co/4MhyjB2EQL"
140,Sat Nov 13 21:24:21 +0000 2021,Austria may impose COVID-19 lockdown for anyone not fully vaccinated https://t.co/qRTD2lFso2
141,Sat Nov 13 21:23:39 +0000 2021,"‚ÄúMake America Florida.‚Äù If America had Florida‚Äôs COVID fatality rate, an additional 171,00 Americans would not be alive to celebrate Thanksgiving this month. I hope the Legislature thinks about that before they blindly follow DeSantis off the cliff.
https://t.co/zV7zL1MCra"
150,Sat Nov 13 21:12:23 +0000 2021,"For my Utrecht based Tweeps who don't like food waste: a local business bought ‚Ç¨600,- worth of organic veggies for an event that is now canceled because of the new COVID measures. They're selling tomorrow between 13:00 and 16:00 at Rotsoord 32. Bring your own bag."
153,Sat Nov 13 21:09:33 +0000 2021,On a day when a swag of nincomknobs are inconveniencing people let‚Äôs have a shoutout to the real heroes of these times: all of the people currently standing in the rain at covid testing stations directing traffic and swabbing people. They're the real freedom fighters.
154,Sat Nov 13 21:07:16 +0000 2021,"@fragileone22 1.0 is everything up to their first hiatus in 2000.. so '83-'00
2.0 is era between hiatus and breakup.. '02 to '04
3.0 is era since comeback in '09 to covid.. '09 to '20
4.0 is '21 on"
160,Sat Nov 13 21:00:20 +0000 2021,New COVID-19 Data at 2021-11-13 04:00:01 pm EST #Coronavirus #COVID19 #COVID_19 https://t.co/7MjUxtndr7
163,Sat Nov 13 20:54:03 +0000 2021,"Cases: 252,854,702 (+0) 
Deaths: 5,094,068 (+136) 
Recovered: 0 (+0) 
Active Cases: 252,854,702 (100%)
Completed Cases: 5,094,068 (2.01%)
Mortality Rate: 2.01% (No Change)
Case Fatality Rate: 100.00% (No Change)

#COVID19 #Coronavirus #StayHome"
166,Sat Nov 13 20:52:02 +0000 2021,"Cases: 252,854,702 (+9,566) 
Deaths: 5,093,932 (+0) 
Recovered: 0 (+0) 
Active Cases: 252,854,702 (100%)
Completed Cases: 5,093,932 (2.01%)
Mortality Rate: 2.01% (No Change)
Case Fatality Rate: 100.00% (No Change)

#COVID19 #Coronavirus #StayHome"
170,Sat Nov 13 20:41:19 +0000 2021,@Sireeverything @michaelmalice People have natural immunity and people don‚Äôt need to be forced to take a vaccine that is not needed to live. Of covid was so deadly then the mayor of New York wouldn‚Äôt offering $100.00 for kids to take it. We don‚Äôt need to give up our freedom to give in to government control.
171,Sat Nov 13 20:32:07 +0000 2021,"COVID booster shots allowed for all adults in California, Colorado and New Mexico https://t.co/Y0fp3fn59a"
173,Sat Nov 13 20:30:19 +0000 2021,New COVID-19 Data at 2021-11-13 03:30:00 pm EST #Coronavirus #COVID19 #COVID_19 https://t.co/9EuHUkZDeI
175,Sat Nov 13 20:27:54 +0000 2021,"Continue the conversation with hosts, 
the ORS #Women's Leadership Forum Committee. 

Nov, 9 at 9:00 AM CENTRAL (virtual)

Strategies for Mitigating the Adverse Impacts of COVID-19 Pandemic on #Career Trajectories 

REGISTER to attend! https://t.co/xCafCbxiTh https://t.co/qsC3bMdgNw"
178,Sat Nov 13 20:19:26 +0000 2021,"@jjll_00 not according to the NHL. Besides, the point is simply that one league is taking the COVID threat seriously and one is not."
180,Sat Nov 13 20:16:57 +0000 2021,‚ÄòAn unprecedented departure‚Äô: Unvaccinated workers face new challenge paying for their COVID-19 testing...everything about the Biden administration is a form of hell on earth... https://t.co/rbeEnnJ5Cp
188,Sat Nov 13 20:00:19 +0000 2021,New COVID-19 Data at 2021-11-13 03:00:00 pm EST #Coronavirus #COVID19 #COVID_19 https://t.co/YR3hvHbqe4
189,Sat Nov 13 20:00:00 +0000 2021,"THIS WEEKEND ü§ô Get ready for @kolohekai_music to pull our heartstrings at his back-to-back shows!

Doors open at 7:00PM / Show starts at 8:00 PM. Tickets for both nights are sold out!

Face masks and proof of vaccination are required for entry ‚Üí  https://t.co/JylyEdEPun https://t.co/ajlzEH6SiQ"
190,Sat Nov 13 19:59:00 +0000 2021,Top CDC official told Congress migrant expulsion policy was not needed to contain COVID https://t.co/tQxylJgAhj
194,Sat Nov 13 19:54:02 +0000 2021,"Cases: 252,845,136 (+0) 
Deaths: 5,093,932 (+293) 
Recovered: 0 (+0) 
Active Cases: 252,845,136 (100%)
Completed Cases: 5,093,932 (2.01%)
Mortality Rate: 2.01% (No Change)
Case Fatality Rate: 100.00% (No Change)

#COVID19 #Coronavirus #StayHome"
195,Sat Nov 13 19:50:47 +0000 2021,"Tamilnadu 7 days moving average of new covid cases continues to decline. Today reported 809 cases with 1,00,723 testing and test positive rate at 0.8%. https://t.co/CZc3ys3thT"
196,Sat Nov 13 19:50:03 +0000 2021,"Cases: 252,845,136 (+14,752) 
Deaths: 5,093,639 (+0) 
Recovered: 0 (+0) 
Active Cases: 252,845,136 (100%)
Completed Cases: 5,093,639 (2.01%)
Mortality Rate: 2.01% (No Change)
Case Fatality Rate: 100.00% (No Change)

#COVID19 #Coronavirus #StayHome"
197,Sat Nov 13 19:47:19 +0000 2021,"@Kukicat7 Antibody levels decrease after two doses of Pfiz@r j@b - study from Israel.  OCTOBER 7, 2021 00:02

https://t.co/7Vl8jsuLNu"
199,Sat Nov 13 19:39:51 +0000 2021,HAPPENING NOW: Our Kids COVID-19 Vaccination Clinic is taking place now through 6:00 PM this evening at the Sports &amp; Learning Complex in Landover. Prince George‚Äôs County children and adults who live or work in the County can stop by to get a first dose or a booster. https://t.co/RGjuZayCMo
206,Sat Nov 13 19:30:19 +0000 2021,New COVID-19 Data at 2021-11-13 02:30:00 pm EST #Coronavirus #COVID19 #COVID_19 https://t.co/4gcvFumbU1
207,Sat Nov 13 19:28:55 +0000 2021,"#Army unable to #Assist @Conservatives @Tories with #TorySleaze #ToryCorruption as already #ShoringUp #UKGovernment #Covid &amp; #Brexit related #Failures @Douglas4Moray has pledged ¬£30,000.00 but can‚Äôt remember where he put it! https://t.co/ccOxGNdNnd"
211,Sat Nov 13 19:21:21 +0000 2021,"What does it say about the Publishers? his tawdry career has overseen the deaths of 150,000, 35,00 of them with Covid sent to care homes where they later died. https://t.co/muJ4LC4nmQ"
214,Sat Nov 13 19:09:25 +0000 2021,Sis lost her job after Covid left her with memory issues. I'm her dependent as a lung cancer survivor (Never Smoked) and now we live on only $200.00 she gets from G.A. My SSDI pays rent which is a blessingüôè https://t.co/fl2GqaGk1n
217,Sat Nov 13 19:01:26 +0000 2021,"NEXT SATURDAY ---&gt; STRIDE Community Health Vaccine Clinic at Eaglecrest. November 20th from 9:00 a.m. to 1:00 p.m.  COVID and Flu vaccine will be available, use the QR code to pre-register https://t.co/rsRJUbfnC1"
218,Sat Nov 13 19:00:19 +0000 2021,New COVID-19 Data at 2021-11-13 02:00:01 pm EST #Coronavirus #COVID19 #COVID_19 https://t.co/kyZ6Nbk80F
219,Sat Nov 13 19:00:01 +0000 2021,"Do You Want to Get Well? is a free Zoom webinar, assisting those who have experienced emotional challenges in dealing with COVID-19. The webinar will be  November 15 from 1:00 to 3:00 p.m. To register 
 click below.
https://t.co/BabbxM8eOT"
220,Sat Nov 13 18:57:37 +0000 2021,"@FoxNews  Your anti-mandate infection campaign is really going well. 80,00 new U.S. COVID cases a day. Keep up the good work.  #FoxNews"
225,Sat Nov 13 18:50:03 +0000 2021,"Cases: 252,830,384 (+12,901) 
Deaths: 5,093,639 (+142) 
Recovered: 0 (+0) 
Active Cases: 252,830,384 (100%)
Completed Cases: 5,093,639 (2.01%)
Mortality Rate: 2.01% (No Change)
Case Fatality Rate: 100.00% (No Change)

#COVID19 #Coronavirus #StayHome"
226,Sat Nov 13 18:48:52 +0000 2021,"ALBERT BOURLA - Executive Director - Pfizer -USA

 ""THIRD DOSE OF VACCINE IS REQUIRED""

Born: 1961, Greece
SALARY: ‚Ç¨ 17,127,226.00 
 MONTH: ‚Ç¨ 1,427,268.83 
WEEK: ‚Ç¨ 329,369.73 
DAY: ‚Ç¨ 65,873

#pfitzergate #Pfizer #COVID19 #dkmedier #dkpol https://t.co/YNrsNH4sgR"
228,Sat Nov 13 18:39:48 +0000 2021,"According to Mr. @AlbertBourla the Taiwanese health authority must be ""criminals.""

Taiwan halts 2nd-dose BioNTech vaccinations for ages 12-17 amid concerns of myocarditis | Taiwan News | 2021-11-10 15:42:00
#Corona #myocarditis #COVID #coronabeleid https://t.co/pjodLBF5U6"
230,Sat Nov 13 18:30:19 +0000 2021,New COVID-19 Data at 2021-11-13 01:30:00 pm EST #Coronavirus #COVID19 #COVID_19 https://t.co/DHae7zvAfn
232,Sat Nov 13 18:27:08 +0000 2021,"WE ARE OPEN!

‚ñ´Ô∏è NOVEMBER 28th
‚ñ™Ô∏è 13:00 - 19:00 
‚ñ´Ô∏è DARE 2 BRISTOL
 üîπÔ∏è 1 Alfred St.
        BS2 0RF
‚ÄºÔ∏è NO ID NO ENTRY‚ÄºÔ∏è

‚ÄºÔ∏è COVID VACCINATION PROOF OR NEGATIVE TEST REQUIRED‚ÄºÔ∏è

‚¨áÔ∏èüéü TICKETS üéü‚¨áÔ∏è

https://t.co/unPL6z0nZz

‚ñ™Ô∏è ¬£10 online, ¬£12 OTD

SEE THREAD FOR SOCIAL INFO ‚¨áÔ∏è‚¨áÔ∏è‚¨áÔ∏è"
236,Sat Nov 13 18:23:57 +0000 2021,"@Rohan48123537 @cbseindia29 @Cbse_official #cbseterm1online equality before law . Government is not thinking of #future  if a  1 boy gets COVID then 1 boy =8 family members and 100,000√ó8 = 8,00,000 then this 8lakhs people to 1000√ó8,00,000 this will again come 3 Wave then earth will be no longer #OnlineExamsForCBSEandICSE"
238,Sat Nov 13 18:23:06 +0000 2021,I can neither confirm nor deny this story. https://t.co/48emlab5Cm
239,Sat Nov 13 18:22:24 +0000 2021,"Addu City Covid-19 case status as of 13th November 2021 18:00 Hrs.
#StayHome 
#StaySafe
#WearMask https://t.co/mB6MVQ50Gk"
240,Sat Nov 13 18:21:56 +0000 2021,"Our Ivy Community Foundation, Incorporated will present its Beautillion tonight 11/13/21 at 6:00 PM. Because of Covid 19 restrictions, the event will be livestreamed. Watch live @ https://t.co/Kwp6sseeHO"
244,Sat Nov 13 18:16:47 +0000 2021,"LOVE ON TOUR. SHOP MERCH EARLY.
Sunday, 11/14, at Soma.
Masks are required while shopping.

All guests age 12 and older will be required to provide proof of full COVID-19 vaccination. https://t.co/vP1k2vHO1I"
250,Sat Nov 13 18:10:36 +0000 2021,"In the US üá∫üá∏, 
currently, roughly 97 new cases of #COVID„Éº19 are confirmed every MINUTE‚∏∫5,824 every HOUR.

üìàUpdated: ~12 Nov 2021 23:50:00 GMT
#coronavirus #covid19 #covid_19"
253,Sat Nov 13 18:07:52 +0000 2021,"@MichaelEzra @David__Osland Struggle after struggle, year after year. Unlike our late afternoon Swoppy I was out at the Docks at 6.00 a.m. today selling the Newsline with this stirring Editorial: https://t.co/4qYPSmBR5K"
254,Sat Nov 13 18:07:12 +0000 2021,#Coronavirus #COVID19 Global Cases by Johns Hopkins CSSE as of 11/13/21 12:00 CDT https://t.co/TFW7MkdeJY
256,Sat Nov 13 18:00:18 +0000 2021,New COVID-19 Data at 2021-11-13 01:00:00 pm EST #Coronavirus #COVID19 #COVID_19 https://t.co/atwvqx7ZNp
258,Sat Nov 13 17:58:59 +0000 2021,"809 new Covid cases reported today in Tamil Nadu.

Chennai- 120 cases
Coimbatore- 134 cases
Erode- 76 cases 

1,00,723 persons tested today. 

934 patients discharged. 14 new deaths.

Total: 27,14,025 cases, 26,68,001 discharged &amp; 36,273 deaths. https://t.co/ArAjE6kgkB"
259,Sat Nov 13 17:57:25 +0000 2021,"üö® Webinar Alert!

üóìÔ∏èApril 28, 2020 
‚è≤Ô∏è1:00 pm ‚Äì2:00 pm CET

Join the co-chairs of the Lancet One Health Commission at  @UniOslo_GH  for a candid conversation on #OneHealth in the light of #Covid_19 pandemic. 

Register your interest at ‚û°Ô∏è https://t.co/eMJ7W40P19 https://t.co/Tvb3Axs2jt"
263,Sat Nov 13 17:50:03 +0000 2021,"Cases: 252,817,483 (+58,193) 
Deaths: 5,093,497 (+321) 
Recovered: 0 (+0) 
Active Cases: 252,817,483 (100%)
Completed Cases: 5,093,497 (2.01%)
Mortality Rate: 2.01% (-0.01%)
Case Fatality Rate: 100.00% (No Change)

#COVID19 #Coronavirus #StayHome"
265,Sat Nov 13 17:36:49 +0000 2021,"@302Patriot @gboslovesjesus Tell that to the 760,00+ Covid victims (&amp;climbing!)!!
Wisconsin disagrees! https://t.co/aQayogopB4"
266,Sat Nov 13 17:36:46 +0000 2021,"Ikuti Economic Outlook 2022 webinar, The Light at the End of the Tunnel: Optimism of Economic Recovery after Covid-19 Pandemic  persembahan PermataBank dan Bangkok Bank.
Rabu, 17 November 2021
Jam 14.00 ‚Äì 16.00
See you around! https://t.co/uHyoCsYjYX"
267,Sat Nov 13 17:36:16 +0000 2021,Sunday Cycle 14th Nov departs WGH NS at 09.00 61K. RSVP if going. COVID Protocols¬†apply. https://t.co/R429omqGEK
268,Sat Nov 13 17:31:08 +0000 2021,"@POTUS We were energy independent, then your policies took effect. Get real Man, get rid of your advisors. Start fresh, Think Smart. BTW: we had a strong economy prior to COVID, demand for oil was high, yet gasoline was kept at or below 2.00 a gallon. No excuses. Fix it NOW. https://t.co/BD3kMqEjUc"
269,Sat Nov 13 17:30:19 +0000 2021,New COVID-19 Data at 2021-11-13 12:30:00 pm EST #Coronavirus #COVID19 #COVID_19 https://t.co/RugYB1l41l
270,Sat Nov 13 17:27:08 +0000 2021,"Welcome Home Rams!   Alumni Game will be Wednesday, November 24th.  Girls Varsity wil play at 5:30, followed by Boys Varsity at 7:00.  https://t.co/kRIWn8c4EI

Due to COVID restrictions, all fans and players must be masked at all times during indoor events. https://t.co/5zjGyJWDbo"
273,Sat Nov 13 17:14:35 +0000 2021,"@AndrewNutter5 @Prague_Tony @MarieAnnUK It basically says that c 100,00 died DUE TO Covid from March 20 - Jan 21.  
Coming back to your 1.4 MILLION adverse reactions.  Can you provide some more detail, please? Direct correlation to vaccine? Severity?"
277,Sat Nov 13 17:05:44 +0000 2021,"Is the COVID vaccine losing its effectiveness in Ontario?
The case rate for fully vaxed has almost doubled over the last 2.5 months.
Ontario case rate/100,00 for that day for fully vaccinated individuals:
   24 Aug 1.19
   13 Nov 2.03
https://t.co/f80hU8f2Mx"
280,Sat Nov 13 17:03:11 +0000 2021,"Climate change is an emergency, so we need to start treating it like one. https://t.co/96qjyq6f8v"
281,Sat Nov 13 17:01:38 +0000 2021,"We are hosting another COVID-19 drive-thru testing and vaccination clinic in partnership with American Scientific Laboratories. The next clinic will be held Tuesday, November 16 from 9:00 AM-7:00 PM. More info below: https://t.co/kMmE0mahah"
282,Sat Nov 13 17:01:06 +0000 2021,"Happy Saturday! Free Clinic staff are at the Jubilee Family center today until 2:00. Stop by, say Hi to Sant√©, Raven, and Jen, pick up some free snacks and find out about our healthcare services. You can also get your Covid vaccination or your booster! https://t.co/rzZiKpDRxA"
283,Sat Nov 13 17:00:19 +0000 2021,New COVID-19 Data at 2021-11-13 12:00:01 pm EST #Coronavirus #COVID19 #COVID_19 https://t.co/yLr6BWczFN
285,Sat Nov 13 16:57:29 +0000 2021,"‚ö†Ô∏èDelhi Health bulletin 13th Nov 

Total cases -56
Deaths - 00
Positivity- 0.10%
Recovery-66
#COVID19AB #COVID 
#CoronaVirusUpdates #coronavirus 
#Delhi #Corona #vaccinate¬†¬†¬†¬†¬† #Corona¬†¬†¬†¬†¬†¬†¬†¬†¬†¬†¬†¬†¬†¬†¬†¬†¬†¬†¬†¬†¬†¬†¬†¬†¬†¬†¬†¬†¬†¬†¬†¬†¬†¬†¬†¬†¬†¬†¬†¬†¬†¬†¬†¬†¬†¬†¬† 
#COVID19 @DEEPAK_0616 https://t.co/CJ7Ns7OR8N"
287,Sat Nov 13 16:56:19 +0000 2021,"https://t.co/c1SEviKkAw
#Dutch #covid19 November 13 #interactive #Dashboard

Positive #cases:+13848 (2.283.083)
In #Hospital, #RIVM:+42 (34.297)
In Hospital, NICE from 12:00 AM:+12 (65.745)
#Deaths:+33 (18.728)

#Netherlands #CodeBlack #Vaccine #StaySafe  #QRcode #Lockdown #WHO https://t.co/k0LMEBtQ0P"
288,Sat Nov 13 16:53:31 +0000 2021,"The Prime Minister of the Netherlands announced a partial lockdown due to COVID-19. Restrictions are imposed for three weeks, from November 13 to December 4. 
Most of the country's residents will be transferred to remote work, shops will have to close at 18:00."
289,Sat Nov 13 16:53:00 +0000 2021,Los Angeles County sheriff says he won't enforce vaccine mandate for his employees https://t.co/vmwprxiRiK
290,Sat Nov 13 16:50:02 +0000 2021,"Cases: 252,759,290 (+4,154) 
Deaths: 5,093,176 (+101) 
Recovered: 0 (+0) 
Active Cases: 252,759,290 (100%)
Completed Cases: 5,093,176 (2.02%)
Mortality Rate: 2.02% (No Change)
Case Fatality Rate: 100.00% (No Change)

#COVID19 #Coronavirus #StayHome"
295,Sat Nov 13 16:43:21 +0000 2021,"Today until 1:00 =&gt; 
at St. Monica Indy
6131 Michigan Road
It‚Äôs Ascension St. Vincent medical mission

Everything is freeeeee! 

Coats, food, personal care bags, Covid and flu vaccines, help with insurance enrollment"
299,Sat Nov 13 16:37:46 +0000 2021,"COVID-19 Vaccination Clinic at the O'Bryant Today 

9:00 am - 12:00 Noon

Ages 5+

Free 

Boosters also available https://t.co/PF9vf0GL0s"
304,Sat Nov 13 16:30:18 +0000 2021,New COVID-19 Data at 2021-11-13 11:30:00 am EST #Coronavirus #COVID19 #COVID_19 https://t.co/IMjUp7Ohcg
314,Sat Nov 13 16:19:05 +0000 2021,"@murdo_fraser You forget your party in Westminster needlessly killed 130,00 people with its incompetent covid response."
319,Sat Nov 13 16:09:07 +0000 2021,"@mikesbloggity How lucky u live in Nova Scotia.
90 year old mom in hospital for a week that has Covid outbreak.
Immunocompromised husband &amp; daughter await her return at home.
Nanaimo rapid test charge $195.00 each.
Bought same test online $8.72. 
@adriandix gouging us.
#bcpoli"
327,Sat Nov 13 16:00:18 +0000 2021,New COVID-19 Data at 2021-11-13 11:00:00 am EST #Coronavirus #COVID19 #COVID_19 https://t.co/Qe4MBOrYse
328,Sat Nov 13 15:59:43 +0000 2021,"#Packers QB Aaron Rodgers is back in the building and set to be activated from the COVID list and will start Sunday against the #Seahawks, per sources. 

Rodgers vs. Russell Wilson at Lambeau Field."
335,Sat Nov 13 15:52:13 +0000 2021,"Covid 19 Awareness Workshop
13 November 2021
1:00 PM onward
Electronics &amp; Communication Engineering

#Workshop #Workshoponline #COVID19  #Safelife #Campuslife #Awareness  #Awarenesscampaign
#MCA #ComputerApplication #JISGroup #GNIT https://t.co/rA9QoQosvb
#electronics #ECE https://t.co/fYApdJlGM7"
338,Sat Nov 13 15:52:00 +0000 2021,5th U.S. Circuit Court of Appeals upholds federal court's ban on OSHA compulsory vax rules. https://t.co/i8e4sDbTjD
339,Sat Nov 13 15:51:57 +0000 2021,"The Whole Nation Together Against COVID 19
Awareness Campaign
13 November 2021
3:00 PM onward
Hospital Management Department
#Workshop #Workshoponline #COVID19 #Covid19India #Safelife #Campuslife #awareness #Awarenesscampaign
#JISGroup #GNIT https://t.co/rA9QoQosvb #BHM https://t.co/yekhi3luqO"
343,Sat Nov 13 15:50:02 +0000 2021,"Cases: 252,755,136 (+26,525) 
Deaths: 5,093,075 (+0) 
Recovered: 0 (+0) 
Active Cases: 252,755,136 (100%)
Completed Cases: 5,093,075 (2.02%)
Mortality Rate: 2.02% (No Change)
Case Fatality Rate: 100.00% (No Change)

#COVID19 #Coronavirus #StayHome"
344,Sat Nov 13 15:49:03 +0000 2021,"Cases: 252,728,611 (+0) 
Deaths: 5,093,075 (+167) 
Recovered: 0 (+0) 
Active Cases: 252,728,611 (100%)
Completed Cases: 5,093,075 (2.02%)
Mortality Rate: 2.02% (No Change)
Case Fatality Rate: 100.00% (No Change)

#COVID19 #Coronavirus #StayHome"
353,Sat Nov 13 15:47:20 +0000 2021,"FREE COVID-19 testing available at West End House (105 Allston Street, Allston, MA 02134) this Saturday, 11/13 and Sunday, 11/14 from 3:00 -7:00 PM. No appointment necessary. Masks are required at all times. https://t.co/RPsp0jpWEE"
355,Sat Nov 13 15:45:15 +0000 2021,Five more Saskatchewan residents have died due to COVID-19. Details at 10:00 with GX94 News.
359,Sat Nov 13 15:42:54 +0000 2021,"Dallas County Health and Human Services will give  Free Covid Vaccinations for children 5 to 11 at the Kid's Health &amp; Safety Fair (Honoring Special Needs Families). You will also receive a $25.00 gift card!!!  
The fair is for all kids and we have so much to offer this year. https://t.co/gVzU2rLBie"
362,Sat Nov 13 15:38:28 +0000 2021,"Duh!

Masked-Up States Are Reporting More Coronavirus Cases Per Capita than Maskless Florida https://t.co/kdyrVE6yeM"
366,Sat Nov 13 15:36:12 +0000 2021,Starting soon! Excited to be presenting @ #LiverMtg21 Transplant Presidential Plenary- data on COVID-19 vaccination in liver transplant recipients at the @AASLDtweets  starting at 10:00 am EST @norahterrault @WRayKimMD @LizzieAbyMD @AtoosaRabiee @nicole_rich8 @AndrewMMoon https://t.co/nNxNnBulsN
370,Sat Nov 13 15:30:18 +0000 2021,New COVID-19 Data at 2021-11-13 10:30:00 am EST #Coronavirus #COVID19 #COVID_19 https://t.co/Hh9NTAkBqb
374,Sat Nov 13 15:29:20 +0000 2021,"@That_Coast @FacePuncher500 @RBReich What assumptions? It became known on November 3rd that Aaron Rogers had COVID and he LIED and said he was vaccinated!  That is NOT an assumption.  Is the football league fining him $14,000.00 just for fun?"
376,Sat Nov 13 15:29:02 +0000 2021,"Sweden Suspends Moderna Shot Indefinitely After Vaxxed Patients Develop Crippling Heart Condition, While America, EU, #Canada, #Australia, UK, NATO force unproven dangerous vaccine #COVID19 https://t.co/hOUXRPvNV7 #COP26 https://t.co/f0C6dflK4x #Melbourne #COP26 #lockdown #love"
378,Sat Nov 13 15:26:48 +0000 2021,"@Asher_Wolf Coincidentally, ""Sweden and Denmark said on Wednesday they are pausing the use of Moderna's (MRNA.O) COVID-19 vaccine for younger age groups after reports of possible rare cardiovascular side effects.""

 https://t.co/gRjHVaXo52"
382,Sat Nov 13 15:20:57 +0000 2021,"Total number of active COVID-19 cases in Haryana as on Nov 13: 117, total vaccination in Haryana as on Nov 13 first dose 28,705  second dose 76,458 total cumulative figure 2,68,00,939 as on date#Hry @Newindianxpress,  @TheMornStandard, @gsvasu_TNIE,  @khogensingh1"
384,Sat Nov 13 15:17:49 +0000 2021,"#MakeTerm1Hybrid 
Do u think cases will not increase if 36,00,000 students give offline exams? We r not telling u 2 never open schools,but get us vaccinated 1st. STOP REPEATING UR STUPID MISTAKES AGAIN&amp;AGAIN &amp; KILLING OTHERS! Otherwise this Covid&gt;death cycle will never end."
388,Sat Nov 13 15:14:55 +0000 2021,Kindness Works. Here‚Äôs How to Help Yourself by Helping Others - Sharecare https://t.co/WL1FREMWa0
391,Sat Nov 13 15:13:28 +0000 2021,"@CurtisSChin @ali1122bal Fighting with Covid is like fighting with Air.  Only stupid can fight with Air. Vaccination &amp; following the SOPs are the only solutions.
This virus will stay with us for the long term.
#TakeUsBackToChina"
392,Sat Nov 13 15:12:59 +0000 2021,"@thesouthrhead0n @MollyJongFast @RubinReport It‚Äôs about 5 deaths after about 400,00,00 shots, sugarbritches. But they know the risks, cause, and treatment, so those were all back in the spring. 

https://t.co/vk9PcmI2OB"
393,Sat Nov 13 15:12:01 +0000 2021,"@SammualM  
Congratulations on you‚Äôre finally getting to America üá∫üá∏.
I simply can‚Äôt wait.
I‚Äôll be sure to send you pictures, once I‚Äôm reunited with my twin.
I do have a question,
if my flight is at 11:00, does my Covid test have to be taken 3 days before at that particular time?"
396,Sat Nov 13 15:10:32 +0000 2021,"Globally üåê,
585,343 new cases of #COVID„Éº19 were confirmed yesterday,
‚ü∂1.13 times the number 2 days ago, 1.02 times the number 3 days ago, and 1.43 times the number one week ago.

üìàUpdated: ~12 Nov 2021 23:50:00 GMT
#coronavirus #covid19 #covid_19"
400,Sat Nov 13 15:01:56 +0000 2021,"COVID 19 ‚Äì MAKING SENSE OF IT ALL ‚Äì Part 2

NEW DATE!  Monday, November 15th 7:00 PM

Please join us as we welcome back Dr. Sean O'Connell for Part 2 of his presentation ""COVID 19 ‚Äì MAKING SENSE OF IT ALL""

Register here: https://t.co/NacrCytNAW

Image Credit: Gayle Furbert https://t.co/DPrB2EXElf"
401,Sat Nov 13 15:01:56 +0000 2021,"Looking for a place to worship tomorrow?

SUNDAY WORSHIP AT THE BUILDING:
Bible Class 9:30 | Service 10:30 a.m.  
ONLINE: YouTube and Facebook worship service available at 8:00 Sunday morning.

#sunday #worship #masks #covid #church #acapella https://t.co/VqrdEPAQHr"
404,Sat Nov 13 15:00:19 +0000 2021,New COVID-19 Data at 2021-11-13 10:00:01 am EST #Coronavirus #COVID19 #COVID_19 https://t.co/9v0lb2BeyQ
405,Sat Nov 13 14:59:11 +0000 2021,"Back @HamiltonLibrary Barton Branch

üóì Saturday November 13
‚è∞ 12:00-3:00
üíâPfizer
üôãüèæEveryone 12+
üìç571 Barton St E 

?? about the vaccine? Drop by and chat with our medical team

Need help with transportation? Email: Covidvaccine@newcomerhealth.ca
#hamont #covidvacccine https://t.co/ssRq3boJQF"
406,Sat Nov 13 14:59:10 +0000 2021,"My Pfizer booster shot yesterday is treating me like the very first shot did.  I'm extremely fatigued, my left arm is KILLING me, and I've got a small headache.  If this works out like the first shot, I should feel fine at around 8:00 PM tonight."
413,Sat Nov 13 14:54:14 +0000 2021,My solace during my COVID duties while away from my home üòá#1YearOfCWC2 Literally this family became my second home ‚ù§Ô∏èI owe them my happiness always üôèüèªüòç
416,Sat Nov 13 14:52:46 +0000 2021,"#1YearOfCWC2 
Bhat sir : It is nothing less than a family
This family is the reason for the emerging of rac family ‚ù§Ô∏è
Thank you all for entertaining us in the COVID times üôè https://t.co/HW6wMWuL3K"
421,Sat Nov 13 14:49:03 +0000 2021,"Cases: 252,728,611 (+35,540) 
Deaths: 5,092,908 (+347) 
Recovered: 0 (+0) 
Active Cases: 252,728,611 (100%)
Completed Cases: 5,092,908 (2.02%)
Mortality Rate: 2.02% (No Change)
Case Fatality Rate: 100.00% (No Change)

#COVID19 #Coronavirus #StayHome"
430,Sat Nov 13 14:38:35 +0000 2021,"Teacher shortages‚Äîmade worse by #COVID19‚Äîshutter schools across US, @CBSMoneyWatch rpts; https://t.co/S7TpcfUXbl #education"
445,Sat Nov 13 14:29:45 +0000 2021,@michaelmina_lab The Covid rapid test kits should be provided free of charge.  Walmart sells a box of 2 tests @ $15.00.  Cost adds up for a family of four or more. @POTUS @Surgeon_General @CDCDirector @US_FDA
448,Sat Nov 13 14:28:41 +0000 2021,"Join us for a Fall Health Fair on Saturday, November 20th from 12:00 - 4:00 pm at the Lovell Johnson Quality of Life Center (1530 W Atkinson Ave, Milwaukee, WI).

üå≠ Enjoy FREE Food and games. Get access to health information and COVID-19 vaccinations. https://t.co/lfUa7K9z0j"
450,Sat Nov 13 14:26:58 +0000 2021,"#TNCoronaUpdate | 13.11.2021

New Positive cases : 809 
Total Active Cases : 9,751
Total Discharge : 927/26,67,067
Total Deaths : 14/36,273
Persons tested Today : 1,00,723
Total positive Cases :  27,14,025

#1ShotNews | #Tamilnadu | #Coronavirus | #COVID19 | #TamilnaduNews https://t.co/GaumJqZIiq"
460,Sat Nov 13 14:24:05 +0000 2021,"#News As the U.S. Races to Vaccinate Kids Against Covid-19, Some Countries H‚Ä¶: ¬†Source: As the U.S. Races to Vaccinate Kids Against Covid-19, Some Countries H‚Ä¶ Discovered on: 2021-11-13 10:30:00 The U.S. is at the forefront of the race to vaccinate‚Ä¶ https://t.co/IervqarENw https://t.co/Nard1BtTq2"
471,Sat Nov 13 14:15:20 +0000 2021,"Free flu and COVID-19 vaccines at @TownofClayton today starting at 10:00 am. More info. below.

‚§µÔ∏è‚§µÔ∏è‚§µÔ∏è https://t.co/HDvFUBQ1Ou"
472,Sat Nov 13 14:14:40 +0000 2021,"@adwallt @BluDogAnchorite @Kukicat7 Once again, for those Qanon nutters in the back:

--&gt; Choices have consequences.  If you don't like consequences of your antivax choice; make a different choice.

It really is that simple. Just ask this guy
‚¨áÔ∏è
Antivaxxer Phil Valentine, Dies of COVID-19 https://t.co/ucC6fgHtDG"
488,Sat Nov 13 14:05:00 +0000 2021,"HOY - ¬°Vac√∫nese contra el COVID-19! No se requiere cita.

Location: Latino College Prep Academy
Date: Saturday, November 13, 2021
Time: 10:00 am - 4:00 pm
Address: National Hispanic University (14271 Story Road, San Jose, CA 95127) https://t.co/HaEdVYOHZE"
491,Sat Nov 13 14:00:59 +0000 2021,"90 new cases and 4 new deaths in the State of Palestine 

[15:00 GMT] #coronavirus #CoronaVirusUpdate #COVID19 #CoronavirusPandemic"
493,Sat Nov 13 14:00:18 +0000 2021,New COVID-19 Data at 2021-11-13 09:00:00 am EST #Coronavirus #COVID19 #COVID_19 https://t.co/3F6vGKYuVi
495,Sat Nov 13 14:00:02 +0000 2021,"TODAY - Get vaccinated against COVID-19! No appointment needed.

Location: Latino College Prep Academy
Date: Saturday, November 13, 2021
Time: 10:00 am - 4:00 pm
Address: National Hispanic University (14271 Story Road, San Jose, CA 95127) https://t.co/nwxx6kecBG"
503,Sat Nov 13 13:49:37 +0000 2021,"Today‚Äôs COVID-19 vaccine clinic at Asheville Middle School is officially open! We‚Äôll be here until 4:00 PM in the AMS gym. All vaccines, including boosters &amp; 5-11 year old dosages, are available. The no-cost clinic is open to ALL North Carolinians 5 and up. Come see us! https://t.co/HaweLCdfhj"
505,Sat Nov 13 13:49:02 +0000 2021,"Cases: 252,693,071 (+0) 
Deaths: 5,092,561 (+182) 
Recovered: 0 (+0) 
Active Cases: 252,693,071 (100%)
Completed Cases: 5,092,561 (2.02%)
Mortality Rate: 2.02% (No Change)
Case Fatality Rate: 100.00% (No Change)

#COVID19 #Coronavirus #StayHome"
506,Sat Nov 13 13:48:03 +0000 2021,"Cases: 252,693,071 (+17,618) 
Deaths: 5,092,379 (+0) 
Recovered: 0 (+0) 
Active Cases: 252,693,071 (100%)
Completed Cases: 5,092,379 (2.02%)
Mortality Rate: 2.02% (No Change)
Case Fatality Rate: 100.00% (No Change)

#COVID19 #Coronavirus #StayHome"
507,Sat Nov 13 13:47:13 +0000 2021,D51 Career Center Healthcare program is hosting a COVID-19  Vaccination clinic today: 9 to 2.  Get a shot and get a $10.00 Chick-fil-A gift card!  Boosters available too! https://t.co/DbOTw8JxvZ
512,Sat Nov 13 13:40:59 +0000 2021,@tony73_ Not a real lockdown. Bars/restaurants/non-essential shops must close at 19:00. No audience at Football matches. Theatres/cinemas open. 2G QR pass introduced. It will no longer be possible for unvaxxed to enter with a neg test. 300 people in hospital w Covid in population of 17.8M
527,Sat Nov 13 13:30:18 +0000 2021,New COVID-19 Data at 2021-11-13 08:30:00 am EST #Coronavirus #COVID19 #COVID_19 https://t.co/sKynSIu2DC
532,Sat Nov 13 13:27:58 +0000 2021,‚ÄòAn unprecedented departure‚Äô: Unvaccinated workers face new challenge paying for their COVID-19 testing https://t.co/qZAbpf4Tdv
539,Sat Nov 13 13:17:57 +0000 2021,"UPDATE: As of November 13 (4:00 PM), the Department of Health recorded 1,997 new active cases of #COVID19. This brings the total number of COVID-19 infections in the country to 2,813,080. https://t.co/zSQNJZ6hga"
549,Sat Nov 13 13:06:58 +0000 2021,Colorado governor signs executive order making all adults eligible for COVID booster shot  https://t.co/QYLUjuptLQ
552,Sat Nov 13 13:00:54 +0000 2021,"We have a COVID-19 community vaccine clinic for ages 5-11 TODAY from 9:00 am-1:00 pm at Pathway Pediatrics! You don't have to be a patient. Schedule here: https://t.co/jJAEA6rfJK

#rochesterny https://t.co/MKUs1DjGw6"
554,Sat Nov 13 13:00:18 +0000 2021,New COVID-19 Data at 2021-11-13 08:00:01 am EST #Coronavirus #COVID19 #COVID_19 https://t.co/7GEayHqCjN
558,Sat Nov 13 12:57:41 +0000 2021,Good morning from the DC Rock n Roll half marathon! Gorgeous morning on the mall. Lots of energy and folks excited to be back after the COVID hiatus. Coming up on @fox5dc at 8:00 a.m. ET AND 8:30! https://t.co/zEAbvWSDQ6
563,Sat Nov 13 12:51:32 +0000 2021,"@bblock29 It's almost 5:00 AM  
Definitely time for coffee. I had my Moderna booster on Oct. 28.
Congrats on your booster. Enjoy your coffee.
#BoosteredAF"
564,Sat Nov 13 12:49:02 +0000 2021,"Cases: 252,675,453 (+0) 
Deaths: 5,092,379 (+514) 
Recovered: 0 (+0) 
Active Cases: 252,675,453 (100%)
Completed Cases: 5,092,379 (2.02%)
Mortality Rate: 2.02% (No Change)
Case Fatality Rate: 100.00% (No Change)

#COVID19 #Coronavirus #StayHome"
565,Sat Nov 13 12:46:02 +0000 2021,"Cases: 252,675,453 (+11,365) 
Deaths: 5,091,865 (+0) 
Recovered: 0 (+0) 
Active Cases: 252,675,453 (100%)
Completed Cases: 5,091,865 (2.02%)
Mortality Rate: 2.02% (No Change)
Case Fatality Rate: 100.00% (No Change)

#COVID19 #Coronavirus #StayHome"
569,Sat Nov 13 12:42:45 +0000 2021,"‚ÄúPost-Covid‚Äù: Returning to the Workplace Tickets, Wed, 24 Nov 2021 at 6:00 PM | Eventbrite @CIPD_SLB @LSBU_BUS Free event. Good panel discussion promised. Refreshments provided. Just register. All welcome.  https://t.co/gzZ4WIckeI"
575,Sat Nov 13 12:30:18 +0000 2021,New COVID-19 Data at 2021-11-13 07:30:00 am EST #Coronavirus #COVID19 #COVID_19 https://t.co/wSK3kdbh5c
578,Sat Nov 13 12:21:57 +0000 2021,"Boris Johnson's brother was made a director of Dyson just two months before the PM ordered 10,000 Dyson ventilators on 26th March 2020 with no tender

Jo Johnson became Director a month *after* Covid reached the UK

#ArrestThePM #CrimeMinister #ToryCorruption #JohnsonTheCorruptPM https://t.co/sdZCa10Mjb"
582,Sat Nov 13 12:20:19 +0000 2021,Party donors. Thousand pound an hour second jobs. No competition contracts. Secret meetings. It's like the winning card in Sleaze Bingo. https://t.co/Lve4C5jX9z
583,Sat Nov 13 12:17:13 +0000 2021,I have a COVID swab test today at 13:00. Today‚Äôs date is the 13th. And the temperature is 13¬∞C all day. D‚Äôya think the universe is trying to tell me something? #UnluckyForSome https://t.co/1q6H7yacny
584,Sat Nov 13 12:14:50 +0000 2021,"Beijing officials confirmed one local COVID-19 case on Saturday, taking the total case number to 47. Travelers entering or returning to the capital are required to provide a negative nucleic acid test taken within 48 hrs and green health code, starting from 0:00 Nov 17. https://t.co/l9bZdeYhHU"
585,Sat Nov 13 12:13:02 +0000 2021,"Scheduled flight operations
 
Date : 13.11.2021
Airline: Alliance air
No. of ARR flights : 1
No. of DEP flights :1
No. of ARR PAXs :. 73
No. of DEP PAXs :   67

No. of cases detected COVID Positive :00
@AAI_Official 
@aairedwr 
@allianceair"
587,Sat Nov 13 12:10:08 +0000 2021,"Hat tip to @NYCHealthSystem CHS partners for their work in DOC facilities to protect staff &amp; people in custody from COVID. As of 11.8.21 the citywide % of tests coming back positive was 1.55%. As of 11.8.21, @CorrectionNYC average was 0.00%. https://t.co/OvuxIdkC2P"
588,Sat Nov 13 12:07:24 +0000 2021,#Coronavirus #COVID19 Global Cases by Johns Hopkins CSSE as of 11/13/21 06:00 CDT https://t.co/OwMHfG7oZl
590,Sat Nov 13 12:02:24 +0000 2021,"@supertanskiii Subtitled: ‚ÄòHow I Totally Fucked Up Dealing With Covid Sending Infected Into Care Homes Dodgy PPI Contracts To Mates Acting Too Late Gaslighting Lying 140,00 Dead Highest Cases In Europe Breaking Covid Rules Serco Pony Club Test &amp; Trace Farce Billions Wasted Bullshitting Bastard‚Äô"
593,Sat Nov 13 12:00:18 +0000 2021,New COVID-19 Data at 2021-11-13 07:00:00 am EST #Coronavirus #COVID19 #COVID_19 https://t.co/qkR5IUMLDB
595,Sat Nov 13 11:55:33 +0000 2021,Uganda's Covid lockdown damaging schooling - report https://t.co/FxAnf3QgSh via @BBCNews
598,Sat Nov 13 11:49:04 +0000 2021,"Cases: 252,664,088 (+0) 
Deaths: 5,091,865 (+12) 
Recovered: 0 (+0) 
Active Cases: 252,664,088 (100%)
Completed Cases: 5,091,865 (2.02%)
Mortality Rate: 2.02% (No Change)
Case Fatality Rate: 100.00% (No Change)

#COVID19 #Coronavirus #StayHome"
601,Sat Nov 13 11:47:02 +0000 2021,"[Webinar] What Does OSHA‚Äôs COVID-19 ETS Mean for New York Employers? - November 16th, 1:00 pm ET https://t.co/hSVduFLhiG"
603,Sat Nov 13 11:44:03 +0000 2021,"Cases: 252,664,088 (+1,868) 
Deaths: 5,091,853 (+0) 
Recovered: 0 (+0) 
Active Cases: 252,664,088 (100%)
Completed Cases: 5,091,853 (2.02%)
Mortality Rate: 2.02% (No Change)
Case Fatality Rate: 100.00% (No Change)

#COVID19 #Coronavirus #StayHome"
605,Sat Nov 13 11:40:41 +0000 2021,"COVID-19 UPDATE IN MUNTINLUPA
[As of November 13, 2021, 5:00 PM]

Follow the official social media sites of Muntinlupa LGU and DOH for updates.

CGM Facebook: https://t.co/5qfnxa9jEg
CGM Twitter: @OFFICIALMUNTI 
DOH Facebook: https://t.co/6GSZGPHqic
DOH Twitter: @DOHgovph https://t.co/4SFAy8Mm4l"
606,Sat Nov 13 11:34:51 +0000 2021,"#Upcoming #ISBNPA SIG Aging #Webinar: Mobility patterns of older Canadians during the COVID-19 Pandemic: Virtual Spaces and Loneliness | Dec 15 at 21:00 UTC | Speaker: @amberdejohn Moderator: @DrSDogra SIG Chair: @AnneTiedemann1 
More information here: https://t.co/VzI25UqOon https://t.co/XB6kobgDRk"
607,Sat Nov 13 11:30:19 +0000 2021,New COVID-19 Data at 2021-11-13 06:30:00 am EST #Coronavirus #COVID19 #COVID_19 https://t.co/E5BntnaxSK
608,Sat Nov 13 11:30:12 +0000 2021,Care home group stops new admission at several homes after losing 150 staff over mandatory Covid vaccine rules https://t.co/ZJ3cfvZq9l
609,Sat Nov 13 11:28:48 +0000 2021,"üéôÔ∏è #LEADERSHIP #TALK SERIES #392 | Subject Matter Expert (SME) - Digital Transformation in Post Covid Age 
üë®üèª‚Äçüè´ Mr.Antarpreet Singh | CEO | Digital HR | Faculty and Researcher-OB &amp; HR
üóìÔ∏è 15/11/2021 (Monday)
üïî 10:00 am
üìçGIBS Business School, Bangalore 

#MyGIBS #BBA #PGDM https://t.co/nDo0jzB8xv"
610,Sat Nov 13 11:08:05 +0000 2021,"Do not miss Prof. Marina Orsini-Jones's plenary speech, entitled: ‚ÄúAgile Blended Learning Higher Education Futures for the Fluid post-Covid ‚ÄòNew Normal‚Äù.

1st International Symposium on Educational Research (ERL2021).

Hall 1: https://t.co/4vY9L58wKm  
Date: November 20 @ 1.00 PM https://t.co/z2YcsD5zxo"
612,Sat Nov 13 11:02:19 +0000 2021,"What can we learn from the community response to #COVID-19 to inform earlier diagnosis of #cancer and improve #CVD diagnosis and prevention? Join @THCAlliance digital event on Tuesday 16 Nov at 14:00 to learn more, register here https://t.co/ehu9UJdp8A #Core20PLUS5 #narrowthegap"
613,Sat Nov 13 11:00:18 +0000 2021,New COVID-19 Data at 2021-11-13 06:00:00 am EST #Coronavirus #COVID19 #COVID_19 https://t.co/qwTk99kFxL
616,Sat Nov 13 10:50:20 +0000 2021,"I hear whooooaaaa, YES, peeeerrrrrfeeeecccctttt, bye bye OG, yaaaayyy and it‚Äôs almost 3:00 am. I like Covid SIP."
618,Sat Nov 13 10:48:08 +0000 2021,"GD TRAVEL BREAKING NEWS - The Netherlands will return to a partial lockdown from tomorrow due to a rise in Covid-19 cases. The lockdown will last for at least three weeks. Bars, restaurants and supermarkets must close at 20.00 hours (8pm) non-essential item shops to close at 6pm https://t.co/gMvKhincTk"
619,Sat Nov 13 10:48:02 +0000 2021,"Cases: 252,662,220 (+0) 
Deaths: 5,091,853 (+379) 
Recovered: 0 (+0) 
Active Cases: 252,662,220 (100%)
Completed Cases: 5,091,853 (2.02%)
Mortality Rate: 2.02% (No Change)
Case Fatality Rate: 100.00% (No Change)

#COVID19 #Coronavirus #StayHome"
620,Sat Nov 13 10:44:03 +0000 2021,"Cases: 252,662,220 (+39,510) 
Deaths: 5,091,474 (+0) 
Recovered: 0 (+0) 
Active Cases: 252,662,220 (100%)
Completed Cases: 5,091,474 (2.02%)
Mortality Rate: 2.02% (No Change)
Case Fatality Rate: 100.00% (No Change)

#COVID19 #Coronavirus #StayHome"
621,Sat Nov 13 10:42:25 +0000 2021,"First alcohol was spreading coronavirus after 20:00, now my pussy will be spreading it after 18:00 (but only till 6:00 in the morning, okay?üòÇ). LOGIC?"
624,Sat Nov 13 10:30:19 +0000 2021,New COVID-19 Data at 2021-11-13 05:30:00 am EST #Coronavirus #COVID19 #COVID_19 https://t.co/xmP1JvKFGE
631,Sat Nov 13 10:07:34 +0000 2021,"#TranslatingEuropeWorkshop: ‚ÄúImpact of COVID on language and translator‚Äôs work‚Äù
üóìÔ∏è 11/11/2021, 10.00 (CET) üìç Slovakia. Web streaming on Translating for Europe YouTube.
1st part: https://t.co/3SkWQ0vJlo
2nd part: https://t.co/bcg7mOPMaX
#Translation #xl8 #languages https://t.co/iBjtg0sD2Z"
632,Sat Nov 13 10:05:02 +0000 2021,"16:00 ET Global Pin Insertion Machines Market Report 2021-2026: COVID-19 Temporarily Disrupts Electronics/Semiconductor Demand &amp;amp; Value Chain in 2020, Before Making a Quick &amp;amp; Massive Rebound https://t.co/hyRGkLxCvi"
634,Sat Nov 13 10:01:25 +0000 2021,"DOH reports 1,997 new COVID-19 cases today, bringing national total to 2,815,080; 1,696 recoveries bringing total to 2,740,426; and 238 new deaths with total now at 45,272.            

‚ÄºÔ∏è Deaths over 100 for 3 straight days.
‚úÖ New cases less than 2,00 for 3 straight days.
(1/2) https://t.co/9H9sa9RmYb"
637,Sat Nov 13 10:00:18 +0000 2021,New COVID-19 Data at 2021-11-13 05:00:01 am EST #Coronavirus #COVID19 #COVID_19 https://t.co/vTprCD1ITU
638,Sat Nov 13 09:58:03 +0000 2021,"Cases: 252,622,710 (+62,836) 
Deaths: 5,091,474 (+0) 
Recovered: 0 (+0) 
Active Cases: 252,622,710 (100%)
Completed Cases: 5,091,474 (2.02%)
Mortality Rate: 2.02% (No Change)
Case Fatality Rate: 100.00% (No Change)

#COVID19 #Coronavirus #StayHome"
639,Sat Nov 13 09:54:55 +0000 2021,"Built ARBA Travel in 4 countries within 6 years. Should get RM100m revenue last year. Gone in 45 days (1.5 month).

Covid humbled me as an entrepreneur. And, I love this game.ü§òüèª https://t.co/LSdSA6zKq0"
640,Sat Nov 13 09:47:02 +0000 2021,"Cases: 252,559,874 (+0) 
Deaths: 5,091,474 (+1,936) 
Recovered: 0 (+0) 
Active Cases: 252,559,874 (100%)
Completed Cases: 5,091,474 (2.02%)
Mortality Rate: 2.02% (No Change)
Case Fatality Rate: 100.00% (No Change)

#COVID19 #Coronavirus #StayHome"
641,Sat Nov 13 09:43:34 +0000 2021,"$4,346,700.00 of shares sold by Bancel Stephane (Chief Executive Officer), reported in a new form 4 filed with the SEC  $MRNA https://t.co/RwWKaYNzXA"
642,Sat Nov 13 09:40:01 +0000 2021,"Millions are dying unnecessarily from COVID because of selfishness, greed and a perverse misunderstanding of human freedom https://t.co/5QPRUpN0x1"
644,Sat Nov 13 09:28:05 +0000 2021,"The partial lockdown, which begins on Saturday night, will see bars, restaurants and supermarkets close at 20:00 and non-essential stores shut their doors at 18:00.  https://t.co/suR9lve51Q"
646,Sat Nov 13 09:26:04 +0000 2021,2 Million COVID Home Test Kits Recalled: Title: 2 Million COVID Home Test Kits Recalled Category: Health News Created: 11/11/2021 12:00:00 AM Last Editorial Review: 11/12/2021 12:00:00 AM https://t.co/BI8phNq4Ve
648,Sat Nov 13 09:22:38 +0000 2021,"#BillGates At minute 28:00 about the experimental mRNA #Covid #vaccines 
‚ÄûWe didn‚Äôt have #vaccines that block transmission.
We got vaccines, .... but they only slightly reduce transmission. We need a new way doing vaccines‚Äú

https://t.co/tSfl2YQJJH"
650,Sat Nov 13 09:22:11 +0000 2021,".@dgurdasani1 is spot on here. Us for Them, Hart, Collateral Global, Narice Bernard &amp; his ""Yeadonites"", Clare Craig, Ivor Cummins, Pandata, and everyone else that has used their ""credentials"" to influence MPs &amp; trivialise the effects of covid. You will have caused deaths. https://t.co/AhqtaBTOCi"
651,Sat Nov 13 09:20:19 +0000 2021,"@AnnaVic88472217 @thisisnothappen @Blackmanthinkin @SallyJiggles @mcfunny @fiski70 @DavidTaylorYork @dave_odo @SwaledaleMutton @CoralBlob @BreezerGalway @amanda_pompili @AudreySteel3 @tombarkas @mash_6_6 @iamnotaname1 @JRJHealey @Housekeep3r @GBates76034889 @CharlotteSlalom @realiwasframed @Takeastepback16 @mentju4 @groin_hammer @markdodds11 @StephenBevan15 @SharpieDj @mikefromslough1 @krebiozen @GarySlegg @Theonew16516042 @DirtDawg69 @TakethatCt @crabb_vicki @Kathmarval @JamesCa18491392 @IvermectinForC1 @BottomleyFiona @LittleBigEd @hounddog123456 @ScepticalAussie @KatySco47008484 @Ladyjustice1312 @Awithonelison @PeteF175 @fredwibblington @PierreKory @LauraSc72529359 @sim0n40 @rossmarwood So some twat in the US lies about vaccination and we‚Äôre going to agree? No.
You are unquote speak about vaccination &amp; coronavirus from what I can see. And as for the US, 760,00 and 2,000 is not ok"
653,Sat Nov 13 09:18:24 +0000 2021,In-N-Out Burger Rejects Ron DeSantis Pitch to Move to Florida https://t.co/TY4s3uq6BJ desantis won't be around much longer....he's view on the virus is causing more deaths in Florida....
654,Sat Nov 13 09:14:38 +0000 2021,Stunning video: How mRNA vaccines teach our immune system to fight coronavirus. Share! https://t.co/XqBOLIYWmu
655,Sat Nov 13 09:14:15 +0000 2021,"In action Away!

Sunday 14th November

@LochLomondRFC v Strathaven RFC Boys U16 A
KO @ 14:00

***

No 1st XV, 2nd XV or U18 fixtures.

Sunday's Strathaven RFC Minis (P2-7) v Lanark RFC
Cancelled due to COVID concerns @ Lanark"
661,Sat Nov 13 09:01:32 +0000 2021,"$1,088,950.00 of shares sold by Andres Juan (See remarks), reported in a new form 4 filed with the SEC  $MRNA https://t.co/XWTgUccqjc"
662,Sat Nov 13 09:01:00 +0000 2021,"201 new cases in Japan 

[10:00 GMT] #coronavirus #CoronaVirusUpdate #COVID19 #CoronavirusPandemic"
667,Sat Nov 13 08:58:02 +0000 2021,"Cases: 252,559,874 (+17,903) 
Deaths: 5,089,538 (+0) 
Recovered: 0 (+0) 
Active Cases: 252,559,874 (100%)
Completed Cases: 5,089,538 (2.02%)
Mortality Rate: 2.02% (No Change)
Case Fatality Rate: 100.00% (No Change)

#COVID19 #Coronavirus #StayHome"
670,Sat Nov 13 08:46:02 +0000 2021,"Cases: 252,541,971 (+0) 
Deaths: 5,089,538 (+136) 
Recovered: 0 (+0) 
Active Cases: 252,541,971 (100%)
Completed Cases: 5,089,538 (2.02%)
Mortality Rate: 2.02% (No Change)
Case Fatality Rate: 100.00% (No Change)

#COVID19 #Coronavirus #StayHome"
672,Sat Nov 13 08:27:39 +0000 2021,"@GuyGadboisGuyG1 @tcw_team @4Clearsky @GlennCarr6 @jimdtweet @robhon_ @JohnDublin10 @chimera414 @WinWithScience @Moderna5G_666 @sandcastle1975 @dan613 @MassiMassian @BubbasRanch @lcarb_4u @keithamccluskey @Canadianworker2 @IngersolRobert @HalBrow68884227 @EricWil06256732 @Narvuntien @Gordon_DHG @RobMeekel @Tragiicomedy @IanDJbrown2 @25_cycle @sunsnowflowers @OscarsWild1 @BridgetHolmstro @organicdot @TWTThisIsNow @rockandroll432 @DaveJohn0175 @TheDisproof @rvrs_man @Shinedown1911 @priscian @BigRakaDoc @FillmoreWhite @robinlarder @RealBeeOlogist @DawnTJ90 @ejwwest @SniemN @BarbaraGirouard @rln_nelson @Jaisans @Extinct55021670 @MedBennett @Tcaddy5 And these are the expert commentaries that are censored by YouTube.

7:00 mark:

Egypt: 3% vaccinated. 14 cases/100k per day
Canada: 65% vaccinated. 570 cases/100k per day

""The more vaccinated the country, the more problems they're having with COVID-19."""
679,Sat Nov 13 08:17:01 +0000 2021,This hopefully won‚Äôt affect #IBC2021 but it just demonstrates no big trade show is safe; ‚ÄòDutch face partial lockdown as #COVID19 cases continue to soar‚Äô (for the next 3 weeks places shut at 19:00) https://t.co/MvTqKNM3BP
680,Sat Nov 13 08:10:43 +0000 2021,"Capistrano USD COVID Case Count as of: 00:10 on 11-13-2021

Total Active Cases: 82

Source: https://t.co/7qmcYNQzk7"
681,Sat Nov 13 08:07:06 +0000 2021,"This afternoon we take on divisional rivals Galmington in the @SomersetFA Junior Cup. Reaching the final of the competition in '20 but then Covid came along. Ambitions of repeating that again.

üìÜ 13/11/21
üìç Castle School 3G
üïë 14:00
üèÜ Junior Cup

#COYG #UTZ #SuperZoyland"
684,Sat Nov 13 07:58:58 +0000 2021,"Good morning. We will be online until 20:00 this evening -MH

We are operating at full capacity again, but Covid-19 public health measures remain in place: 
Face coverings mandatory 
Prebooking of Intercity &amp; Enterprise travel encouraged
Please avoid busiest times where possible https://t.co/TfLKuKdcBl"
685,Sat Nov 13 07:57:03 +0000 2021,"Cases: 252,541,971 (+11,622) 
Deaths: 5,089,402 (+0) 
Recovered: 0 (+0) 
Active Cases: 252,541,971 (100%)
Completed Cases: 5,089,402 (2.02%)
Mortality Rate: 2.02% (No Change)
Case Fatality Rate: 100.00% (No Change)

#COVID19 #Coronavirus #StayHome"
687,Sat Nov 13 07:45:03 +0000 2021,"Cases: 252,530,349 (+0) 
Deaths: 5,089,402 (+139) 
Recovered: 0 (+0) 
Active Cases: 252,530,349 (100%)
Completed Cases: 5,089,402 (2.02%)
Mortality Rate: 2.02% (No Change)
Case Fatality Rate: 100.00% (No Change)

#COVID19 #Coronavirus #StayHome"
688,Sat Nov 13 07:38:53 +0000 2021,3 more cases in Taupo https://t.co/MLTXcEKfPW
690,Sat Nov 13 07:24:47 +0000 2021,Unvaccinated people in two hard-hit regions in Austria will be forced into lockdown next week as the government looks at doing the same nationwide due to rising #COVID19 cases https://t.co/krh53rqY69
692,Sat Nov 13 07:21:30 +0000 2021,"TODAY‚Äôs BEER conference (https://t.co/bqFMgFBJLJ) pre-activity - ‚ÄúPanel Discussion‚Äù  
""Approaches and Diversity in Applied Mathematics Interface - Health and Data Science: Lessons learned from COVID-19 Pandemic""
Venue: Today Online (see website)
Time: 12:00-1:30pm EST"
694,Sat Nov 13 07:11:53 +0000 2021,"Î©îÎùºÌÇ§ÏôÄ Í≤∏Ïù¥Îûë, üíú
‚Äì‚Äì‚Äì‚Äì‚Äì‚Äì‚Äì‚Äì‚Äì‚Äì‚Äì‚Äì‚Äì‚Äì‚Äì‚Äì‚Äì
cafe event for @yugyeom in SG! üá∏üá¨

#MERAKIKYUM
2021.11.13, @gtm_cafe
12:00 ‚Äî 18:00

note: event rules will be released at a nearer date. all to-date covid-19 advisories strictly apply upon d-day.

see you there! üíõ

#Í∞ìÏÑ∏Î∏ê #Ï†ÄÏä§Ìà¨ #ÍπÄÏú†Í≤∏ https://t.co/wKYXIx1TIz"
695,Sat Nov 13 07:09:12 +0000 2021,"Netherlands has record infections. They use covid passports. 

Germany has record infections. They use covid passports. 

Austria has record infections. They use covid passports. 

What's going on?"
696,Sat Nov 13 06:56:03 +0000 2021,"Cases: 252,530,349 (+4,164) 
Deaths: 5,089,263 (+0) 
Recovered: 0 (+0) 
Active Cases: 252,530,349 (100%)
Completed Cases: 5,089,263 (2.02%)
Mortality Rate: 2.02% (No Change)
Case Fatality Rate: 100.00% (No Change)

#COVID19 #Coronavirus #StayHome"
698,Sat Nov 13 06:52:33 +0000 2021,"REMINDER MEDIA ADVISORY: COVID-19 virtual press conference, 12 November at 16:00 CET https://t.co/YBjaQId39L"
699,Sat Nov 13 06:44:03 +0000 2021,"Cases: 252,526,185 (+0) 
Deaths: 5,089,263 (+264) 
Recovered: 0 (+0) 
Active Cases: 252,526,185 (100%)
Completed Cases: 5,089,263 (2.02%)
Mortality Rate: 2.02% (No Change)
Case Fatality Rate: 100.00% (No Change)

#COVID19 #Coronavirus #StayHome"
706,Sat Nov 13 06:20:54 +0000 2021,"Date-13/11/2021

Time - 9.00am to 5.00pm

Age group -18+

Onspot
Covishield
1st dose -100
2nd dose -100

Onspot 
Covaxin
1st dose-100
2nd dose-100

Note-  Punjabi Gali Diagnostic Covid-19 Vaccination Centre  Open from 7.00 am to 11.00 pm.

@mybmc https://t.co/hFds8JSmvb"
707,Sat Nov 13 06:10:28 +0000 2021,"Globally üåê,
currently, roughly 6 people die from #COVID„Éº19 every MINUTE‚∏∫337 every HOUR.

üìàUpdated: ~12 Nov 2021 23:50:00 GMT
#coronavirus #covid19 #covid_19"
709,Sat Nov 13 06:08:39 +0000 2021,"Excellent news:

The Federal Court of Appeals that covers Texas issued a ruling tonight that blocks Biden's COVID vaccine mandate for businesses.

Employees don't have to choose between a job or a jab.

https://t.co/KKCwFmvtWL"
712,Sat Nov 13 05:58:56 +0000 2021,"My daughter made an appointment for her 6yr. old to get the covid shot.  When she got there, the pharmacy refused to give her the shot because she is on Medicaid.  They wanted my daughter to pay them $50.00.  Does anyone else think this is screwed up? https://t.co/y3s6Q5eZUz"
713,Sat Nov 13 05:58:03 +0000 2021,"Cases: 252,526,185 (+0) 
Deaths: 5,088,999 (+557) 
Recovered: 0 (+0) 
Active Cases: 252,526,185 (100%)
Completed Cases: 5,088,999 (2.02%)
Mortality Rate: 2.02% (No Change)
Case Fatality Rate: 100.00% (No Change)

#COVID19 #Coronavirus #StayHome"
715,Sat Nov 13 05:56:03 +0000 2021,"Cases: 252,526,185 (+11,912) 
Deaths: 5,088,442 (+0) 
Recovered: 0 (+0) 
Active Cases: 252,526,185 (100%)
Completed Cases: 5,088,442 (2.02%)
Mortality Rate: 2.02% (No Change)
Case Fatality Rate: 100.00% (No Change)

#COVID19 #Coronavirus #StayHome"
716,Sat Nov 13 05:52:55 +0000 2021,"I love @innoutburger!!!  In-N-Out Burger Rejects Ron DeSantis Pitch to Move to Florida https://t.co/V9sijqWUIw 
#InNOut #Burger üçî #California"
721,Sat Nov 13 05:33:52 +0000 2021,@ViperX83 @sss_0000_00_00 @inthenewlife @RWMaloneMD And Pfizer keeps the blood and nasal swabs for 15 years and can be used?? Is that even legal??
724,Sat Nov 13 05:27:48 +0000 2021,"In states reporting, 0.00%-0.03% of all child COVID-19 cases resulted in death that is a lot less than the flu these are facts I looked them up so why should we be forcing children to get vaccinated And put them at other risk makes enough sense to me you‚Äôll never do it to my kids"
739,Sat Nov 13 04:57:36 +0000 2021,"NEW POD presented by @SuperBookCO, I discuss how #Broncos are dealing with COVID-19 outbreak this week, the keys to beating #Eagles and @Melvingordon25 (16:50-31:00) joins the Show in a terrific interview. Download. Subscribe: 
https://t.co/PR3Ybhx4QX
https://t.co/lkpXejeeF0 https://t.co/1K3vtHUtaj"
740,Sat Nov 13 04:56:03 +0000 2021,"Cases: 252,514,273 (+13,679) 
Deaths: 5,088,442 (+792) 
Recovered: 0 (+0) 
Active Cases: 252,514,273 (100%)
Completed Cases: 5,088,442 (2.02%)
Mortality Rate: 2.02% (+0.01%)
Case Fatality Rate: 100.00% (No Change)

#COVID19 #Coronavirus #StayHome"
741,Sat Nov 13 04:55:06 +0000 2021,"CDC Admits It Has No Record of an Unvaccinated Person Spreading Covid After Recovering From Covid
www.thegatewaypundit.comNov 11, 2021, 10:00 PM"
751,Sat Nov 13 04:39:45 +0000 2021,"5. Simone Gold, the Los Angeles-based M.D. and pusher of unproven COVID remedies, was arrested by the FBI for breaching the Capitol on January 6th.

Dr. Simone Gold received $21,833.00 in pandemic relief loans. https://t.co/YGpDR7tLpG"
764,Sat Nov 13 04:25:32 +0000 2021,CBS News: Federal appeals court halts Biden's COVID-19 vaccine rule for large businesses https://t.co/0xxcwLeftz
779,Sat Nov 13 04:16:08 +0000 2021,"Carter Janssen runs for 13 yards on third and 12, and @KarterKerkman with his FIFTH rushing TD of the night.

11:00 left. @NorfolkCatholic 35, Wilber-Clatonia 6. #nebpreps https://t.co/6dyBahG4HL"
780,Sat Nov 13 04:15:23 +0000 2021,New COVID-19 Data at 2021-11-12 08:00:00 pm EST #Coronavirus #COVID19 #COVID_19 https://t.co/WKx0SMQvTe
781,Sat Nov 13 04:13:51 +0000 2021,Yay ! ACT has 100.00% covid vaccine coverage on first doses and nearly that fully vaccinated ! That means there are virtually no real anti-vaxers there and maybe the same across Australia in the end. Just keep plugging along and we'll get all soon üëç
782,Sat Nov 13 04:10:37 +0000 2021,"Palscity has some good news to Business people during this tough Covid-19 period. An Awards Dinner for Top Digitally Fit businesses. Register for A zoom DFA Nomination Briefing on Nov 18 at 10.00 a.m here https://t.co/6B3V3zW9lK #DigitallyFitAwards
@Palscitysocial 
@Ceo_Frank254 https://t.co/uDkHoDmTyt"
786,Sat Nov 13 04:02:33 +0000 2021,"@mmpadellan Some started biz from home, some said don't feel comfortable COVID/UNVAXXED, few simply said, for what we're paid &amp; deal w/ not worth it.
I'M SO PROUD!
What $15 an hr? 
MADE $5.00 hr age 20/1976, apt $325, gas .59, Bread .30, Car, $4,100 
AMERICANS BEING SCREWED
CORPüí∞IN POLITICS"
789,Sat Nov 13 03:54:03 +0000 2021,"Cases: 252,500,594 (+55,455) 
Deaths: 5,087,650 (+252) 
Recovered: 0 (+0) 
Active Cases: 252,500,594 (100%)
Completed Cases: 5,087,650 (2.01%)
Mortality Rate: 2.01% (-0.01%)
Case Fatality Rate: 100.00% (No Change)

#COVID19 #Coronavirus #StayHome"
790,Sat Nov 13 03:50:33 +0000 2021,"Are You Ready for What Will Occur over the Next 6-12 Months?? https://t.co/Pu5qdVxHMZ 
5:00 You're walking dead: 
Jct: The name of my latest Covid video: https://t.co/rQG1EkzRNH 
Jct: I'm not a doctor explaining how spikes cause clots, it's an engineer explaining fluid mechanics."
794,Sat Nov 13 03:30:19 +0000 2021,New COVID-19 Data at 2021-11-12 10:30:00 pm EST #Coronavirus #COVID19 #COVID_19 https://t.co/O639NKuCYb
797,Sat Nov 13 03:25:35 +0000 2021,"@FrancyDias9 Yes, &amp; I still got pneumonia....no covid, no flu, but pneumonia....10.00 a pill, yikes, plus shot,&amp; inhaler total of 85.00 for meds that medicare or backup didn't pay for....."
805,Sat Nov 13 03:09:19 +0000 2021,@jordan6sic6 @TJLang70 You sure?? Lots of 90+%‚Äôs on that capacity list. https://t.co/4PzgXJCI7a
807,Sat Nov 13 03:06:00 +0000 2021,"Stay Smart. Stay Safe. @MichiganHHS reports today, November 12, 2021, 15,878* new COVID-19 cases &amp; 83** deaths. For * details https://t.co/2tAAcYRyCj. Michigan's total cases are now 1,188,678 &amp; 22,767 deaths. Find the latest data &amp; #COVID19 news at https://t.co/niRBexCYOy. https://t.co/Qif58N66UI"
808,Sat Nov 13 03:04:30 +0000 2021,"@thedavidcrosby I‚Äôve lost 70 pounds since COVID. I eat breakfast, a big lunch at 2:30 or 3:00 &amp; nothing except a ton of water for the rest of the day. I don‚Äôt work out, but take the long way around to my destinations at work &amp; park on the back ends of lots when I have to go to stores."
811,Sat Nov 13 03:00:18 +0000 2021,New COVID-19 Data at 2021-11-12 10:00:01 pm EST #Coronavirus #COVID19 #COVID_19 https://t.co/bq59mqaFFp
812,Sat Nov 13 03:00:01 +0000 2021,"@ViperX83 @PandorasBX @inthenewlife @RWMaloneMD From supplemental documents, the data sharing document states that to obtain the data you need to contact pfizer and wait for a review before being able to access it. So..... Where's the data mate?"
813,Sat Nov 13 02:58:49 +0000 2021,"@NotaliaMateo Pfizer has a pill for that. Only $1,000.00 per dose. Dunny how that works eh?"
814,Sat Nov 13 02:56:28 +0000 2021,It‚Äôs two-measly minutes. Please take the time to see how the mRNA vaccine works to fight Coronavirus. Please spread it far and wide‚Ä¶ https://t.co/GAM46GwoJc
815,Sat Nov 13 02:54:03 +0000 2021,"Cases: 252,445,139 (+2,594) 
Deaths: 5,087,398 (+32) 
Recovered: 0 (+0) 
Active Cases: 252,445,139 (100%)
Completed Cases: 5,087,398 (2.02%)
Mortality Rate: 2.02% (No Change)
Case Fatality Rate: 100.00% (No Change)

#COVID19 #Coronavirus #StayHome"
817,Sat Nov 13 02:52:59 +0000 2021,"@PandorasBX @sss_0000_00_00 @inthenewlife @RWMaloneMD It's weird that you keep posting these screenshots instead of links to what you're arguing for, why is that?

And what's more, what's the point of this screenshot? That work was done on ChAdOx1 previous to COVID-19 is well known. Do you think it's somehow nefarious?"
819,Sat Nov 13 02:38:02 +0000 2021,"@pugsonpatrol @jswpax Some I suspect. 35.000 breakthroughs, but few hospitalized. There were over 3,000 cases in Texas yesterday. The rate of breathough deaths from COVID-19 is 0.00%."
822,Sat Nov 13 02:31:52 +0000 2021,"Saturday, November 13, 9:00 ‚Äì 10:00 AM, ""Covid-19 and Neuromuscular Medicine - Challenges and Opportunities"". @ColinFranzMDphd @leslierydberg"
823,Sat Nov 13 02:30:20 +0000 2021,New COVID-19 Data at 2021-11-12 09:30:00 pm EST #Coronavirus #COVID19 #COVID_19 https://t.co/Q5tj6ck16L
835,Sat Nov 13 02:14:41 +0000 2021,"@1celadon @Jim_Jordan When every death is called covid, the count is higher.  Dying WITH covid not FROM covid. The CARES Act was the incentive for the death count. $35,000.00 or more per death. ( to hospitals and nursing homes) ."
846,Sat Nov 13 02:08:48 +0000 2021,"@PandorasBX @sss_0000_00_00 @inthenewlife @RWMaloneMD No, obviously not. Neither the Moderna nor Pfizer nor J&amp;J studies were stopped for that reason."
852,Sat Nov 13 02:00:18 +0000 2021,New COVID-19 Data at 2021-11-12 09:00:00 pm EST #Coronavirus #COVID19 #COVID_19 https://t.co/U0JvcqPqxR
854,Sat Nov 13 01:56:56 +0000 2021,"Chelmsford, MA - News Flash: The Board of Health will close at 12:00 pm on November 18th due to Flu and Covid Clinicüî∏ more info @ https://t.co/kINx1I8OU4 https://t.co/Y4Oh2hrSHB"
855,Sat Nov 13 01:56:19 +0000 2021,"Former CDC official tells Congressional Committee about Trump‚Äôs attempt to pressure the CDC director to green light Title 42 despite heavy reservations within the organization. 

https://t.co/IXNejB717M"
857,Sat Nov 13 01:53:13 +0000 2021,"@ViperX83 @PandorasBX @inthenewlife @RWMaloneMD I did not suggest that. That is a fact, it‚Äôs done because of the patent Pfizer has for it‚Ä¶. The ridiculous one is you."
858,Sat Nov 13 01:53:03 +0000 2021,"Cases: 252,442,545 (+5,362) 
Deaths: 5,087,366 (+131) 
Recovered: 0 (+0) 
Active Cases: 252,442,545 (100%)
Completed Cases: 5,087,366 (2.02%)
Mortality Rate: 2.02% (No Change)
Case Fatality Rate: 100.00% (No Change)

#COVID19 #Coronavirus #StayHome"
859,Sat Nov 13 01:51:02 +0000 2021,The Board of Health will close at 12:00 pm on November 18th due to Flu and Covid Clinic https://t.co/DsmHHLgMg3
860,Sat Nov 13 01:50:47 +0000 2021,Why aren't more pregnant women of color getting vaccinated? Doctors point to distrust and poor outreach https://t.co/iylkvPojgs
861,Sat Nov 13 01:47:58 +0000 2021,"Let's talk about COVID-19 vaccine ages 5-11. 

Join us, Wednesday, November 17 for a virtual town hall meeting. We will have two sessions, the first in English from 5:30-6:00 p.m. and the second in Spanish from 6:15-6:45 p.m. 

To join on zoom, visit: https://t.co/LKBFksuTpo https://t.co/sJ1VSTiU9B"
864,Sat Nov 13 01:39:47 +0000 2021,"üá≤üáæ #Malaysia

[Malaysia] Number of people infected with new coronavirus
 Saturday, November 13, 2021 As of 10:00 am Japan time

 2,535,338 infected people The day before + 6,517
 Complete cure 2,441,485 people The‚Ä¶
Local travel news from #Malaysia:
https://t.co/CX4DiqdsJg https://t.co/O4U3QTIQkl"
865,Sat Nov 13 01:37:57 +0000 2021,"I emplore you to watch ""Beat the Devil"",  a monologue by David Hare,  starring Ralph Fiennes. On Sky Arts again at 00.45 on 17th Nov and 03.00 on 18th Nov. Its a strong commentary on Governments handling of Covid. @Save_St_Helier @DrMQureshi @drbobgill @skwawkbox @doctor_oxford"
870,Sat Nov 13 01:30:19 +0000 2021,New COVID-19 Data at 2021-11-12 08:30:00 pm EST #Coronavirus #COVID19 #COVID_19 https://t.co/36li1uPizm
873,Sat Nov 13 01:16:29 +0000 2021,"@adriandix @CDCofBC @PHSAofBC Please see attached CPAC video of Federal health officials‚Äô Nov 12, 2021 update at minute 26:00 to 27:30.  COVID is Airborne. Mitigation needs to appropriately address airborne transmission. https://t.co/GYLE98HMEt"
877,Sat Nov 13 01:10:34 +0000 2021,"@ViperX83 @PandorasBX @inthenewlife @RWMaloneMD According to the whistleblower that came open to the British medical journal - they had malpractice during Pfizer trials. Only one trial‚Äôs data is public, others will be released after 2030. What should I believe? Where are those studies ? God damn you are so uninformed."
878,Sat Nov 13 01:08:38 +0000 2021,"okay the last 4 weeks this ugly inside group has stalked me,hacked me,stolen EVERY interview &amp; appointment Ive had making me spend $2,800.00 this month of my money being out of work the last 17 months due to Covid,THEN when i fight back they get all pissy-guess they haven't heard"
882,Sat Nov 13 01:03:00 +0000 2021,"@SenSanders It's about $100.00 for one EpiPen from Pfizer in Canada. With the exchange rate it would be $79.67 for Americans. Also in Canada an EpiPen is covered free for anyone 25 and under.

America lacks badly. Greed comes before humans."
883,Sat Nov 13 01:01:11 +0000 2021,"Airports during Covid. Sorry, it‚Äôs 6:00 we‚Äôre closing, want a beer to go?"
885,Sat Nov 13 00:59:11 +0000 2021,Rodd handed England debut after Genge positive for Covid https://t.co/zlhND1FPsv @FRANCE24„ÄÄ2021.11.12„ÄÄ„ÄÄ„ÄÄ  14:00
886,Sat Nov 13 00:58:13 +0000 2021,"Biden will have a 28 year career first responder fired for the crime of having Natural Immunity to Covid, but rewards illegal aliens $450,000.00 for bringing Covid into the US. 

#FJoeBiden"
888,Sat Nov 13 00:52:03 +0000 2021,"Cases: 252,437,183 (+36,722) 
Deaths: 5,087,235 (+493) 
Recovered: 0 (+0) 
Active Cases: 252,437,183 (100%)
Completed Cases: 5,087,235 (2.02%)
Mortality Rate: 2.02% (No Change)
Case Fatality Rate: 100.00% (No Change)

#COVID19 #Coronavirus #StayHome"
892,Sat Nov 13 00:45:18 +0000 2021,"#COVID19 Update (as of 11/12/21 at 12:00 am):
‚Ä¢ 10,848 additional positive cases of COVID-19
‚Ä¢ 1,618,870 total cases statewide 
‚Ä¢ 32,279 deaths statewide
‚Ä¢ 5,800,806 patients tested negative to date

More information: https://t.co/7pzosEXhEX"
895,Sat Nov 13 00:41:53 +0000 2021,AstraZeneca has decided to make money from the pandemic after all https://t.co/DyYrxvvoPi
896,Sat Nov 13 00:41:16 +0000 2021,"@tysmo Dutch new rules. (english) 
https://t.co/rk3SI8aoQG
non-essential  close at 18:00, restaurants/bars/supermarkets at 20.00

the ‚Äúin brief‚Äù version:
https://t.co/hK0pU1Kf49"
901,Sat Nov 13 00:30:19 +0000 2021,New COVID-19 Data at 2021-11-12 07:30:00 pm EST #Coronavirus #COVID19 #COVID_19 https://t.co/IJrQ3qivNX
903,Sat Nov 13 00:28:43 +0000 2021,"In-N-Out Burger Rejects DeSantis Pitch to Move to Florida 
Who would want to move to #Florida where due to Bad Decisions &amp; stupidity  by #Desantis   60,000 #Americans Died of #COVID19  More then were killed in the Vietnam WAR !   #MAGA   

https://t.co/KsRM24E0Xc"
904,Sat Nov 13 00:28:15 +0000 2021,"Because Covid can't spread between people before 8:00 pm
#Science https://t.co/J8XHGsiX8d"
907,Sat Nov 13 00:25:17 +0000 2021,#Boosted! Cleared for my shot at 4:15. Booked appt at Sams at 4:30 and done at 5:00. Hoping for no  side effects. #doingmypart #moderna #boostershot
909,Sat Nov 13 00:21:18 +0000 2021,"Hey Red Deer tweeps: how long is it currently taking to get back your covid test results? Hypothetically, if one were getting a test Friday at 5:00 do we iron work pants for Monday or assume pjs at home?"
911,Sat Nov 13 00:18:39 +0000 2021,"Coming up next on CCTV's HD channel (Verizon 2143)
11/12/2021 7:30:00 PM:     Gov. Baker-COVID-19 Update on pediatric vaccine 11-4-2021"
912,Sat Nov 13 00:18:18 +0000 2021,"@A2SchoolsSuper @WashtenawCounty @A2schools Yes! Off to a great start with our 5-11 year kiddos. Look at those bright, happy green spots https://t.co/1WeOxIbNIp https://t.co/Z5PbxuGOY3"
917,Sat Nov 13 00:10:28 +0000 2021,"Globally üåê,
currently, a new case of #COVID„Éº19 is confirmed roughly every 0.17 seconds.

üìàUpdated: ~12 Nov 2021 23:50:00 GMT
#coronavirus #covid19 #covid_19"
919,Sat Nov 13 00:08:40 +0000 2021,"Global situation, 13 November 2021, 06:00 A.M.
- Total confirmed: 253,149,584
- Recovered 228,959,297
- Active cases: 19,087,659
- Deaths: 5,102,628

Wear mask, hand washing, keep physical distancing 

 #‡πÇ‡∏Ñ‡∏ß‡∏¥‡∏î19 #COVID19 #‡πÑ‡∏ó‡∏¢‡∏£‡∏π‡πâ‡∏™‡∏π‡πâ‡πÇ‡∏Ñ‡∏ß‡∏¥‡∏î

https://t.co/LqHMHrDUdJ https://t.co/blfdn2ubYg"
