,date,text,open_coding
369,Fri Nov 12 18:42:46 +0000 2021,"@PMOIndia #Loot@airports 4500.00 for a simple Covid test?
Why? Why?",
493,Fri Nov 12 03:09:08 +0000 2021,Dior Johnson out there looking like a LEGIT floor general üò§üî• https://t.co/zVLbqIsQEv,
905,Thu Nov 11 13:20:46 +0000 2021,"The work was done by Corner Brook Stream Trail with a contribution of $15,000.00 of in-kind design and work. The City contributed $50,000.00, with the Province giving $29,000.00 through the Covid-19 Stimulus Program and $7000.00. Walmart also contributed with $1000.00.",
758,Thu Nov 11 21:30:20 +0000 2021,New COVID-19 Data at 2021-11-11 04:30:00 pm EST #Coronavirus #COVID19 #COVID_19 https://t.co/IQ47aVyyLr,
755,Thu Nov 11 21:44:03 +0000 2021,"Cases: 251,795,820 (+0) 
Deaths: 5,078,272 (+340) 
Recovered: 0 (+0) 
Active Cases: 251,795,820 (100%)
Completed Cases: 5,078,272 (2.02%)
Mortality Rate: 2.02% (No Change)
Case Fatality Rate: 100.00% (No Change)

#COVID19 #Coronavirus #StayHome",
850,Thu Nov 11 16:09:23 +0000 2021,"$REGN [15s. delayed]: Issued Press Release on November 11, 11:03:00: CHMP Recommends EU Approval of Regeneron Antibody Cocktail to Treat and Prevent COVID-19 https://t.co/XN6zNa64zR",
604,Fri Nov 12 12:41:47 +0000 2021,"Our smallest of efforts towards improvement of mental health of children. 1st offline session post covid times is going to be conducted in accordance with Kakubhai Parikh School, Gandhidham

Date : 13/11/2021
Time: 10:00 A.M (IST) https://t.co/V13vhtHWFU",
708,Fri Nov 12 04:25:13 +0000 2021,i don't think i can wait for the mv release later. my phone battery percentage is slowly getting down to down and i'm getting ready for the vaccination laterüòê so i'll be back maybe at 3-4:00?,
830,Thu Nov 11 17:08:54 +0000 2021,@Skicruiser58 @wolfblitzer So you're trying to tell me demand is higher now then it was pre covid when gas was $2.00/ga üòÜ,
318,Fri Nov 12 15:20:34 +0000 2021,"$REGN [15s. delayed]: Issued Press Release on November 12, 10:20:00: Regeneron Antibody Cocktail Approved by European Commission to Treat and Prevent COVID-19 https://t.co/NTDgsBFYIH",
629,Fri Nov 12 22:39:24 +0000 2021,StitchCast Studio tonight at 6:00 with Mama Cat! Followed by an all ages Open Mic! Free for under 25. Tickets $15 on MetroTix. 3524 Washington Free Covid tests next door. @awcommunities @KPdaKillaPoet @STLPoetryCenter @Uvinyl @UrbArts @BJC_HealthCare @EarthDanceFARMS https://t.co/J4O6bM18fQ,
184,Sat Nov 13 11:34:51 +0000 2021,"#Upcoming #ISBNPA SIG Aging #Webinar: Mobility patterns of older Canadians during the COVID-19 Pandemic: Virtual Spaces and Loneliness | Dec 15 at 21:00 UTC | Speaker: @amberdejohn Moderator: @DrSDogra SIG Chair: @AnneTiedemann1
More information here: https://t.co/VzI25UqOon https://t.co/XB6kobgDRk",
945,Thu Nov 11 11:07:30 +0000 2021,"[Automated]

#COVID #Maharashtra data. As on : 11 Nov 2021, 08:00 IST

Cases: 6,620,423(+1,094)
Active: 16,044(-899)
Deaths: 140,447(+17)
Vaccines: 99,669,139(+0)

Disclaimer: https://t.co/vl4PEedYsl",
736,Thu Nov 11 23:09:22 +0000 2021,"üì£ A special Climate Change and Islands #COP26 event taking place today (16:00 ‚Äì 18:00 GMT) will include the launch of the #COVID19 Island Insights Series Final Report (https://t.co/55NcWArX03), an initiative led by @scelg,  ...

(1/6) https://t.co/8ABgpVrbQC",
676,Fri Nov 12 01:34:27 +0000 2021,Vaccine company asks for Javid apology over approval comments https://t.co/VnjkOP9R3Q @SueJonesSays @RandolphTrent @irisstylosa @dorset_eye @GivingCuppa @paulapeters2 @blueannoyed @BadPutty @vamroses @charlotteh71,
785,Thu Nov 11 19:30:19 +0000 2021,New COVID-19 Data at 2021-11-11 02:30:00 pm EST #Coronavirus #COVID19 #COVID_19 https://t.co/Oo5pIcpth1,
896,Thu Nov 11 14:21:33 +0000 2021,"COVID TRUMP Thu, 11 Nov 2021 07:00:00 CST",
972,Thu Nov 11 09:19:28 +0000 2021,"üì¢ 26 Nov 10:00-12:00 GMT webinar talk/debate

‚ñ∂Ô∏èWhat is good youth work and why is it important (including the impact of COVID on good youth work)
‚ñ∂Ô∏èInclusive youth employment
‚ñ∂Ô∏èCareer skills
‚ñ∂Ô∏èRecommendations for good youth work

https://t.co/Fnfoz5pr99

@blgnokay #ESRCFestival",
872,Thu Nov 11 15:24:38 +0000 2021,"After weeks of declines, U.S. Covid cases have stalled at a high level: 'The ERs are packed' https://t.co/WjKdhzCM4j",
213,Sat Nov 13 09:14:15 +0000 2021,"In action Away!

Sunday 14th November

@LochLomondRFC v Strathaven RFC Boys U16 A
KO @ 14:00

***

No 1st XV, 2nd XV or U18 fixtures.

Sunday's Strathaven RFC Minis (P2-7) v Lanark RFC
Cancelled due to COVID concerns @ Lanark",
35,Sat Nov 13 21:53:02 +0000 2021,"Cases: 252,862,000 (+7,298)
Deaths: 5,094,068 (+0)
Recovered: 0 (+0)
Active Cases: 252,862,000 (100%)
Completed Cases: 5,094,068 (2.01%)
Mortality Rate: 2.01% (No Change)
Case Fatality Rate: 100.00% (No Change)

#COVID19 #Coronavirus #StayHome",
521,Fri Nov 12 14:00:35 +0000 2021,Good Morning! Enjoy continental breakfast in the Exhibit Hall from 7:30 am - 8:30 am before heading to the Grand Ballroom I-II for the New Frontiers Lecture - COVID 19: Developing a Vaccine During a Pandemic     The registration desk is open from 7:00 am - 5:30 pm.  #ASCyto21,
292,Sat Nov 13 00:30:19 +0000 2021,New COVID-19 Data at 2021-11-12 07:30:00 pm EST #Coronavirus #COVID19 #COVID_19 https://t.co/IJrQ3qivNX,
798,Thu Nov 11 19:00:00 +0000 2021,"Do You Want to Get Well? a free Zoom webinar, assisting those who have experienced emotional challenges in dealing with COVID-19. The webinar will be  November 15 from 1:00 to 3:00 p.m. To register 
 click below.
https://t.co/BabbxM8eOT",
51,Sat Nov 13 20:32:07 +0000 2021,"COVID booster shots allowed for all adults in California, Colorado and New Mexico https://t.co/Y0fp3fn59a",
252,Sat Nov 13 03:54:03 +0000 2021,"Cases: 252,500,594 (+55,455)
Deaths: 5,087,650 (+252)
Recovered: 0 (+0)
Active Cases: 252,500,594 (100%)
Completed Cases: 5,087,650 (2.01%)
Mortality Rate: 2.01% (-0.01%)
Case Fatality Rate: 100.00% (No Change)

#COVID19 #Coronavirus #StayHome",
31,Sat Nov 13 22:01:31 +0000 2021,"@BobChar20165357 I strongly advise the use of Hyperbaric Oxygen Therapy (HBOT) as an alternative in treating COVID. They can@be operated by untrained personnel 500 x Hyperbaric oxygen chambers = $8,000,000 USD or $11,332,568.00 NZD + shipping/tax.https://t.co/HX6WdxYEcg https://t.co/MInI3nRfOZ",
532,Fri Nov 12 19:30:28 +0000 2021,"How has #mobility been affected by #COVID?

Join us for a the #webinar ‚ÄúMigration insights during the COVID-19 #pandemic‚Äù

Thursday, November 18th, 2021

11:00 AM  EST (Eastern Time) /
4:00 PM GMT (UK Time)

https://t.co/DtFybs0TQu

#data #COVID19 #covid #pandemic #recovery #gis https://t.co/UYAf9GK5W0",
741,Thu Nov 11 22:46:03 +0000 2021,"Cases: 251,825,433 (+0) 
Deaths: 5,078,505 (+233) 
Recovered: 0 (+0) 
Active Cases: 251,825,433 (100%)
Completed Cases: 5,078,505 (2.02%)
Mortality Rate: 2.02% (No Change)
Case Fatality Rate: 100.00% (No Change)

#COVID19 #Coronavirus #StayHome",
445,Fri Nov 12 08:10:41 +0000 2021,"Capistrano USD COVID Case Count as of: 00:10 on 11-12-2021

Total Active Cases: 76

Source: https://t.co/7qmcYNQzk7",
501,Fri Nov 12 17:23:45 +0000 2021,"EVEN AT ¬£3.00 A JAB, ASTRA-ZENECA MADE A FORTUNE. DESPICABLE MONEY-GRABBING CEOs should pay OXFORD UNIVERSITY FOR THE EXPERTISE!!! ü§îüá¨üáßüòíü§¨üòù
AstraZeneca accused of 'breaking promises' as firm set to draw profits from Covid vaccine https://t.co/FZt5EgBZCU",
223,Sat Nov 13 07:57:03 +0000 2021,"Cases: 252,541,971 (+11,622)
Deaths: 5,089,402 (+0)
Recovered: 0 (+0)
Active Cases: 252,541,971 (100%)
Completed Cases: 5,089,402 (2.02%)
Mortality Rate: 2.02% (No Change)
Case Fatality Rate: 100.00% (No Change)

#COVID19 #Coronavirus #StayHome",
934,Thu Nov 11 12:09:22 +0000 2021,"@yaf @Mike_Pence This is a joke, right??? You expected Americans to have faith I you during Covid and you LIED to us to further your career. YOU sacrificed over 600,00 American lives.",
185,Sat Nov 13 11:30:19 +0000 2021,New COVID-19 Data at 2021-11-13 06:30:00 am EST #Coronavirus #COVID19 #COVID_19 https://t.co/E5BntnaxSK,
322,Fri Nov 12 11:19:29 +0000 2021,"$dominance [15s. delayed]: Issued Press Release on November 12, 06:17:00: Meat Substitutes Market Research Report by Product, by Source, by Type, by Form, by Category, by Region - Global Forecast to 2026 - Cumulative Impact of COVID-19 https://t.co/RhPX0mFQcI",
837,Thu Nov 11 16:54:15 +0000 2021,Moderna Defends Covid Vaccine Against Myocarditis Issue https://t.co/YhN1U3VeGl,
569,Fri Nov 12 01:28:26 +0000 2021,LNCharter is excited to announce that we are hosting Covid (5+) &amp; Flu immunization events EVERY MONDAY THROUGH DECEMBER 13 available to any eligible member of our community. The vaccination events will be held in the MS Cafetorium from 4:00 to 7:00 pm &amp; appointments are required. https://t.co/plX2WhpjO1,
294,Sat Nov 13 00:28:15 +0000 2021,"Because Covid can't spread between people before 8:00 pm
#Science https://t.co/J8XHGsiX8d",
879,Thu Nov 11 15:03:58 +0000 2021,"VASLan &amp; @VANLinfo will be hosting ""Lanarkshire COVID-19 Online Information Event"".

üóìÔ∏è Friday, November 26 at 10.00 am

Book your place below:
üåê https://t.co/RrB6yxXt3K

We will discuss current guidance on COVID-19 safety arrangements and Q&amp;A with NHS Lanarkshire staff. https://t.co/QemXrz9Rt8",
511,Fri Nov 12 13:01:46 +0000 2021,"Flu shot fact: the flu virus is always changing, so it's important to get vaccinated every year. Register for the influenza vaccination clinic on Thurs., Nov. 18 from 1:00 to 3:00 p.m. in HC 201 by contacting the Health Clinic at 902-420-5611. https://t.co/9ZvBxbvX01",
812,Thu Nov 11 18:14:38 +0000 2021,"If you receive a text informing that you have been awarded NGN95,000.00 as COVID-19 Survival Fund and Mr. Davies is your contact to redeem payment, let not your greediness lead you.

Na SCAM üó£

Signed
Management",
598,Fri Nov 12 17:28:05 +0000 2021,"One will be called Johnson, the other, Johnson. https://t.co/FtXc59iuzw",
984,Thu Nov 11 08:21:16 +0000 2021,"SkyRocket is feeling very proud to share our community that we have donated Rs.100,000.00 to Hamro Team Nepal who have been working hard to support the Covid-19 patients as well as their families who have been impacted by providing them free oxygen cylinders, free food etc",
513,Fri Nov 12 16:33:38 +0000 2021,"From sending those without shots into lockdown to forcing them to pay their own Covid medical bills, here are some of the steps being taken to try to encourage more people to get immunized.
Not Vaccinated? Prepare to Pay as Governments Ready Crackdowns https://t.co/IXaeWafjt3",
275,Sat Nov 13 01:51:02 +0000 2021,The Board of Health will close at 12:00 pm on November 18th due to Flu and Covid Clinic https://t.co/DsmHHLgMg3,
360,Fri Nov 12 18:26:26 +0000 2021,"@JacquelBenson @nigethugrug @DCBMEP @DavidGHFrost @BorisJohnson @Conservatives @BrandonLewis Totally unfounded. First, the UK aligning to EU standards would eliminate the need for ANY paperwork - !00% gone. Second, 80% removed is in the heading here and NOTHING in the article about your contentions.

https://t.co/FitY5HLrlE",
365,Fri Nov 12 03:16:41 +0000 2021,"@LucasCottSilv @Archaon35382820 @OokamiwolfDen @HIDEO_KOJIMA_EN Brazil‚Äôs population 212.6million
New covid cases a day 12k
00.006 percent of the population catches covid a day.
6 people in 100,000 may catch covid in a day in Brazil.

2.7% of those will die.

I‚Äôd like my odds.",
787,Thu Nov 11 19:28:35 +0000 2021,"While COVID-19 has created a slew of new regulatory areas, COBRA remains one of the biggest and most complicated employee benefits issues. Join us November 18 at 11:00 AM CT for ""A Continuing Conversation About COBRA."" https://t.co/VEPvibE7Tb https://t.co/a9mQT5Y7T8",
336,Fri Nov 12 07:09:04 +0000 2021,"2021/11/12 02:00: Biden, Xi to address Asia-Pacific leaders on trade, COVID recovery https://t.co/KQA5YGF1ZX",
894,Thu Nov 11 14:26:10 +0000 2021,ABI Members ‚Äì register now and join us tomorrow at 10:00 am to discuss conflicting State and Federal COVID-19 vaccine mandates. Learn more about the newly-released federal mandate and steps that all employers will want to take in attempting compliance. https://t.co/te27hE66Ee https://t.co/GPPt476Sbr,
228,Sat Nov 13 07:11:53 +0000 2021,"Î©îÎùºÌÇ§ÏôÄ Í≤∏Ïù¥Îûë, üíú
‚Äì‚Äì‚Äì‚Äì‚Äì‚Äì‚Äì‚Äì‚Äì‚Äì‚Äì‚Äì‚Äì‚Äì‚Äì‚Äì‚Äì
cafe event for @yugyeom in SG! üá∏üá¨

#MERAKIKYUM
2021.11.13, @gtm_cafe
12:00 ‚Äî 18:00

note: event rules will be released at a nearer date. all to-date covid-19 advisories strictly apply upon d-day.

see you there! üíõ

#Í∞ìÏÑ∏Î∏ê #Ï†ÄÏä§Ìà¨ #ÍπÄÏú†Í≤∏ https://t.co/wKYXIx1TIz",
918,Thu Nov 11 12:54:01 +0000 2021,"DOUBLE ROOM RM69.00 (1 Queen Bed)
(PLUS SALE)(PLUS SALE)
Please call us for more info:
‚òéÔ∏è03-8081 4521
üì±011-1088 8967 (whatsapp)
‚úâÔ∏èusj.smilehotel@gmail.com
üåêhttps://t.co/CzJ59QdJy5
#lockdown #covid_19 #pkp3 #smilehotelusj #hotelbudget #luxury #weeklystay #monthlystay #subangjaya https://t.co/SZW0XDK7Os",
473,Fri Nov 12 19:45:03 +0000 2021,"Cases: 252,296,294 (+31,733)
Deaths: 5,084,933 (+560)
Recovered: 0 (+0)
Active Cases: 252,296,294 (100%)
Completed Cases: 5,084,933 (2.02%)
Mortality Rate: 2.02% (No Change)
Case Fatality Rate: 100.00% (No Change)

#COVID19 #Coronavirus #StayHome",
885,Thu Nov 11 14:57:06 +0000 2021,Come and hear @LeukaemiaCareUK @MorecambeBHCP @MorecambeBayCCG @HKP_Info speak about how their work in earlier diagnosis of cancer &amp; CVD captures key learnings from the Community response to COVID-19. Join @THCAlliance digital event on Tues 16 Nov at 14:00 https://t.co/ehu9UJdp8A,
649,Fri Nov 12 19:19:09 +0000 2021,"There will be a vaccine clinic for any ARPS student 5+ or staff interested in receiving one. The ARHS will be holding the clinic on Tuesday, November 23rd from 3:00-5:30 pm. Boosters will also be available for adults.",
800,Thu Nov 11 18:55:03 +0000 2021,"Cases: 251,764,281 (+0) 
Deaths: 5,077,791 (+360) 
Recovered: 0 (+0) 
Active Cases: 251,764,281 (100%)
Completed Cases: 5,077,791 (2.02%)
Mortality Rate: 2.02% (No Change)
Case Fatality Rate: 100.00% (No Change)

#COVID19 #Coronavirus #StayHome",
595,Fri Nov 12 18:26:40 +0000 2021,"November 18, 2021, 2:00 p.m. ET
Webcast: Return to Work After COVID-19 ‚Äì Focus on Mental Health and Cognitive Limitations
@JANatJAN
#EmploymentFirst #COVID #mentalhealth #training
https://t.co/9BvQy7fwbp",
792,Thu Nov 11 19:15:38 +0000 2021,"#PRIME UPDATE üö® : Goa today reports 23 new COVID 19 cases on 11/11/2021 and 00 deaths

@GoaGmc  @DHS_Goa 

|| #PRIMEGOA #TV_CHANNEL #GOA #PRIMEUPDATE #COVIDVACCINATION #GOAFIGHTSCOVID19 #HEALTHBULLETINE  || https://t.co/kEpWEmEKSt",
492,Fri Nov 12 07:56:43 +0000 2021,Did you know it was 11.00 Paris time? Just leave that there for Johnson to try to work out. https://t.co/iTTFZBBhqX,
526,Fri Nov 12 17:09:52 +0000 2021,"HIGH BRIDGE RABIES CLINIC
A Rabies Clinic for dogs and cats will be held on Saturday, November 13 from 9:00 am - 10:30 am at the High Bridge Rescue Squad, 95 West Main St. The Clinic is open to all NJ residents. Proof of prior rabies vaccination is NOT REQUIRED.",
131,Sat Nov 13 15:12:59 +0000 2021,"@thesouthrhead0n @MollyJongFast @RubinReport It‚Äôs about 5 deaths after about 400,00,00 shots, sugarbritches. But they know the risks, cause, and treatment, so those were all back in the spring.

https://t.co/vk9PcmI2OB",
447,Fri Nov 12 00:46:02 +0000 2021,"Cases: 251,875,154 (+0)
Deaths: 5,078,877 (+277)
Recovered: 0 (+0)
Active Cases: 251,875,154 (100%)
Completed Cases: 5,078,877 (2.02%)
Mortality Rate: 2.02% (No Change)
Case Fatality Rate: 100.00% (No Change)

#COVID19 #Coronavirus #StayHome",
936,Thu Nov 11 12:01:57 +0000 2021,"#Coronavirus #Covid19 #Covid_19 #SARSCoV2 #covid19world
Documents.
This page lists documents produced by WHO.
11-11-2021 - 13:00
https://t.co/moafeek73t",
955,Thu Nov 11 10:30:19 +0000 2021,New COVID-19 Data at 2021-11-11 05:30:00 am EST #Coronavirus #COVID19 #COVID_19 https://t.co/EHDkBVAw9m,
231,Sat Nov 13 06:52:33 +0000 2021,"REMINDER MEDIA ADVISORY: COVID-19 virtual press conference, 12 November at 16:00 CET https://t.co/YBjaQId39L",
399,Fri Nov 12 07:07:01 +0000 2021,"@iansuzir Get a nurse to prescribed some some herbal medicine for you. .... üòÇ üòÇ üòÇ tell him it's high dependacy medication for you, though you don't have COVID 19....üòÇ üòÇ üòÇ it's GHc 500.00.... üòÇ üòÇ üòÇ thank me later... üòÇ üòÇ üòÇ",
974,Thu Nov 11 09:10:31 +0000 2021,"Globally üåê,
50,237 people died from #COVID„Éº19 in the last 7 days,
‚ü∂more than the global deaths from terrorism during all of 2017 (26,445).

üìàUpdated: ~10 Nov 2021 23:50:00 GMT
#coronavirus #covid19 #covid_19",
262,Sat Nov 13 02:56:28 +0000 2021,It‚Äôs two-measly minutes. Please take the time to see how the mRNA vaccine works to fight Coronavirus. Please spread it far and wide‚Ä¶ https://t.co/GAM46GwoJc,
341,Fri Nov 12 00:12:44 +0000 2021,"@49erscap Hi! Thanks for asking! The exclusive event, SOUTH PARK: POST COVID, is available to stream November 25 only on Paramount+. Start your free trial at https://t.co/vryqXRq3Cz. Thank you! *MG",
500,Fri Nov 12 04:38:04 +0000 2021,EU authorizes 2 medicines for people at risk of severe COVID https://t.co/dQtqv2mkcW,
58,Sat Nov 13 19:59:00 +0000 2021,Top CDC official told Congress migrant expulsion policy was not needed to contain COVID https://t.co/tQxylJgAhj,
686,Fri Nov 12 00:16:21 +0000 2021,"We'll take 20 credstiks, 5.00 nuyen each, thank you very much, Mr. Johnson. https://t.co/TcDSemlCr6",
753,Thu Nov 11 21:51:47 +0000 2021,"Ted Cruz called Big Bird getting COVID-19 vaccine ""propaganda."" This isn't the first time Sesame Street encouraged kids to get important vaccines. https://t.co/YuaKhdZ9Wy",
475,Fri Nov 12 21:46:03 +0000 2021,"Cases: 252,340,354 (+17,322)
Deaths: 5,085,702 (+216)
Recovered: 0 (+0)
Active Cases: 252,340,354 (100%)
Completed Cases: 5,085,702 (2.02%)
Mortality Rate: 2.02% (No Change)
Case Fatality Rate: 100.00% (No Change)

#COVID19 #Coronavirus #StayHome",
578,Fri Nov 12 05:44:58 +0000 2021,"Matthew McConaughey says he opposes vaccine mandates for ""younger kids""  https://t.co/gwp0rUVJxE",
682,Fri Nov 12 18:34:13 +0000 2021,"We are still with high covid rates 1811 per 100,00.  Or 1 in 55 testing positive in a 2 week period.  @TweetsinEpping @Marytait6 @lell_sutherland @TulipandSweep @AngelaStillwell @claraandstorm @AlmaTheCat1 @Dollythercat @AngusMcPussPuss @archie_pen @OssieAndLuna https://t.co/0srXLum28o",
207,Sat Nov 13 09:26:04 +0000 2021,2 Million COVID Home Test Kits Recalled: Title: 2 Million COVID Home Test Kits Recalled Category: Health News Created: 11/11/2021 12:00:00 AM Last Editorial Review: 11/12/2021 12:00:00 AM https://t.co/BI8phNq4Ve,
111,Sat Nov 13 16:00:18 +0000 2021,New COVID-19 Data at 2021-11-13 11:00:00 am EST #Coronavirus #COVID19 #COVID_19 https://t.co/Qe4MBOrYse,
552,Fri Nov 12 16:55:05 +0000 2021,It's official! üéâ  Kids ages 5 years and older can now get vaccinated for COVID-19. Join @childrensmn this Sunday for a vaccine clinic for children ages 5-11 from 12:00 - 5:00 pm. Sign up: https://t.co/F2H2gY7hgH https://t.co/Yhag0XbRX7,
594,Fri Nov 12 18:10:37 +0000 2021,Not vaccinated against COVID-19? prepare to pay as countries and their governments are ready to crackdown https://t.co/F50CPt6iEI,
201,Sat Nov 13 09:58:03 +0000 2021,"Cases: 252,622,710 (+62,836)
Deaths: 5,091,474 (+0)
Recovered: 0 (+0)
Active Cases: 252,622,710 (100%)
Completed Cases: 5,091,474 (2.02%)
Mortality Rate: 2.02% (No Change)
Case Fatality Rate: 100.00% (No Change)

#COVID19 #Coronavirus #StayHome",
462,Fri Nov 12 08:51:02 +0000 2021,"Cases: 251,993,890 (+20,641)
Deaths: 5,080,990 (+138)
Recovered: 0 (+0)
Active Cases: 251,993,890 (100%)
Completed Cases: 5,080,990 (2.02%)
Mortality Rate: 2.02% (No Change)
Case Fatality Rate: 100.00% (No Change)

#COVID19 #Coronavirus #StayHome",
572,Fri Nov 12 02:38:51 +0000 2021,"Leaders were more humane in 1905.What happen now?In 1905 there was no mandates for small pox vaccine. Only $5.00 fine that is equal to $150.00 today. @SenSchumer @ericadamsfornyc @GovKathyHochul @teacher_choice
https://t.co/a6Lt7c2lzp",
337,Fri Nov 12 16:34:18 +0000 2021,"21.30 Pfizer's new clot shot ingredient
31.00 it's gene editing
https://t.co/0puMt8x0oa",
194,Sat Nov 13 10:44:03 +0000 2021,"Cases: 252,662,220 (+39,510)
Deaths: 5,091,474 (+0)
Recovered: 0 (+0)
Active Cases: 252,662,220 (100%)
Completed Cases: 5,091,474 (2.02%)
Mortality Rate: 2.02% (No Change)
Case Fatality Rate: 100.00% (No Change)

#COVID19 #Coronavirus #StayHome",
516,Fri Nov 12 21:38:05 +0000 2021,Gain the insights you need to create and implement a worker vaccine program and guidance to avoid potentially costly missteps. Join us on Nov. 18 at 1:00 PM ET for our complimentary CLE-eligible vaccine mandates webinar. https://t.co/ptouzhJzR4 https://t.co/elAms3Z97j,
302,Fri Nov 12 00:22:38 +0000 2021,"""„ÄêMedicine Buddha Practice @ Powerful Day„ÄëIt's a time to help purify those who have sickness and those who have already passed. Special dedication to those who passed away or suffer from COVID 19.
12th Nov Friday, 23:15 - 00:00 AEST UTC +10
https://t.co/wTHNutUGAV"" https://t.co/L8cQ8iCxuh",
24,Sat Nov 13 22:16:24 +0000 2021,Sing praises to the Lord! Join us online or in-person Sunday at 10:00 for our Worship Service lead by guest speaker Brent Ellis. Message: Looking Ahead. For Covid Protocols and Zoom link visit https://t.co/1X38ZhSDoI #HamOnt #Churches,
538,Fri Nov 12 17:57:34 +0000 2021,I know a lot of people who regret getting the vaccine. Don‚Äôt know anyone who regrets not getting it.,
439,Fri Nov 12 09:43:14 +0000 2021,"COVID-19 UPDATE IN MUNTINLUPA
[As of November 12, 2021, 5:00 PM]

Follow the official social media sites of Muntinlupa LGU and DOH for updates.

CGM Facebook: https://t.co/5qfnxa9jEg
CGM Twitter: @OFFICIALMUNTI
DOH Facebook: https://t.co/6GSZGPHqic
DOH Twitter: @DOHgovph https://t.co/nJuTd1fBEP",
396,Fri Nov 12 18:40:06 +0000 2021,"@gigglechamp4gnf rowan u cant, u have covid",
190,Sat Nov 13 11:00:18 +0000 2021,New COVID-19 Data at 2021-11-13 06:00:00 am EST #Coronavirus #COVID19 #COVID_19 https://t.co/qwTk99kFxL,
104,Sat Nov 13 16:53:00 +0000 2021,Los Angeles County sheriff says he won't enforce vaccine mandate for his employees https://t.co/vmwprxiRiK,
527,Fri Nov 12 03:06:30 +0000 2021,"Haliburton Vaccination Clinic
Saturday, November 13th, 10:00 - 5:00
Haliburton Highlands Secondary School - Athletic Center
Book appointments and check eligibility here:
https://t.co/mRGHFg8ADC
1st. 2nd and 3rd doses available https://t.co/aWS0Q6WgXX",
175,Sat Nov 13 12:10:08 +0000 2021,"Hat tip to @NYCHealthSystem CHS partners for their work in DOC facilities to protect staff &amp; people in custody from COVID. As of 11.8.21 the citywide % of tests coming back positive was 1.55%. As of 11.8.21, @CorrectionNYC average was 0.00%. https://t.co/OvuxIdkC2P",
582,Fri Nov 12 01:34:14 +0000 2021,"Mobile Covid Vaccination Clinic in West Torrens

WHERE:

Bunnings, 108 Railway Tce, Mile End

WHEN

Tuesday 16 to Saturday 20, 8.00 am to 5.00 pm https://t.co/kId1HWlRAM",
851,Thu Nov 11 16:03:34 +0000 2021,"‚ö†Ô∏èDelhi Health bulletin 11th Nov 

Total cases -40
Deaths - 00
Positivity- 0.8%
Recovery-61
#COVID19AB #COVID 
#CoronaVirusUpdates #coronavirus 
#Delhi #Corona #vaccinate¬†¬†¬† #Corona¬†¬†¬†¬†¬†¬†¬†¬†¬†¬†¬†¬†¬†¬†¬†¬†¬†¬†¬†¬†¬†¬†¬†¬†¬†¬†¬†¬†¬†¬†¬†¬†¬†¬†¬†¬†¬†¬†¬†¬†¬†¬†¬†¬†¬†¬†¬† 
#COVID19 @DEEPAK_0616 https://t.co/EtQxLhKOqw",
557,Fri Nov 12 13:39:45 +0000 2021,"Johnson County Classic Starts tomorrow!

We have 4 good programs going at it starting at 3:00 when @HCCscotties take on @SWCCBasketball followed by your @JCCC_CavsMBB against
@IowaLakesMBB at 7:00.

#CavsBasketball #GoCavs ‚öîÔ∏è‚öîÔ∏è‚öîÔ∏è https://t.co/9euxmxQX9G",
483,Fri Nov 12 12:53:44 +0000 2021,"Come and join us in @BetsiCadwaladr to learn about the great service transformation work they have undertaken during COVID
Starts at 13.00
 #ViHWales2021",
96,Sat Nov 13 17:05:44 +0000 2021,"Is the COVID vaccine losing its effectiveness in Ontario?
The case rate for fully vaxed has almost doubled over the last 2.5 months.
Ontario case rate/100,00 for that day for fully vaccinated individuals:
   24 Aug 1.19
   13 Nov 2.03
https://t.co/f80hU8f2Mx",
656,Fri Nov 12 10:19:38 +0000 2021,"Thusong Centre, Tafelsig: Saturday and Sunday, 09:00 ‚Äì 15:00
Brackenfell Library: Saturday and Sunday, 08:00 ‚Äì 15:00
Bloekombos Clinic ‚Äì mobile vaccination van, Saturday and Sunday, 08:00 ‚Äì 13:00
Wallacedene Clinic ‚Äì mobile vaccination van, Saturday and Sunday, 08:00 ‚Äì 13:00",
9,Sat Nov 13 23:17:53 +0000 2021,"""Understanding Long Covid:
""Understanding Long Covid: the Unseen Public Health Crisis""isis""

Friday November 19
2:00 pm ET, 17:00 GMT, 18:00 CET.

@fi_lowenstein moderates, panel includes @ahandvanish @WesElyMD @kavitapmd and others.

registration:
https://t.co/aOBCAXbvCe https://t.co/N90LxQTpp5",
784,Thu Nov 11 19:35:20 +0000 2021,"Interested in the latest #COVID19 findings? Come hear @NSF &amp; @NIH researchers discuss their work on the #coronavirus in our next #COVID Info Commons webinar!
Join us Monday at 12:00 pm ET: https://t.co/jLeIXC6Wu4
@Flo4Princeton @FDHint @ANLeggettPhD @LandrumAR @TTU_CoMC @KQED ... https://t.co/pP1MPNAtP5",
67,Sat Nov 13 19:09:25 +0000 2021,Sis lost her job after Covid left her with memory issues. I'm her dependent as a lung cancer survivor (Never Smoked) and now we live on only $200.00 she gets from G.A. My SSDI pays rent which is a blessingüôè https://t.co/fl2GqaGk1n,
988,Thu Nov 11 08:15:16 +0000 2021,New COVID-19 Data at 2021-11-10 08:00:00 pm EST #Coronavirus #COVID19 #COVID_19 https://t.co/N5jrgWKSut,
583,Fri Nov 12 09:51:18 +0000 2021,"Mobile vaccine clinic tomorrow from 10:00 a.m. to 3:00 p.m. Spread the word, and get vaccinated to protect yourself + others! https://t.co/CUnPHIuuRp",
378,Fri Nov 12 17:31:08 +0000 2021,"@RobDemovsky Marshawn Lynch was fined¬†$75,000¬†for not talking to reporters after NFC title game.
Aaron Rodgers fined $14,650.00 for breaking Covid protocol.
I guess we know the NFL priorities.",
751,Thu Nov 11 22:00:21 +0000 2021,New COVID-19 Data at 2021-11-11 05:00:00 pm EST #Coronavirus #COVID19 #COVID_19 https://t.co/LgAVQJS1Nx,
167,Sat Nov 13 12:46:02 +0000 2021,"Cases: 252,675,453 (+11,365)
Deaths: 5,091,865 (+0)
Recovered: 0 (+0)
Active Cases: 252,675,453 (100%)
Completed Cases: 5,091,865 (2.02%)
Mortality Rate: 2.02% (No Change)
Case Fatality Rate: 100.00% (No Change)

#COVID19 #Coronavirus #StayHome",
730,Thu Nov 11 23:40:17 +0000 2021,10 states sue Biden administration over COVID-19 vaccine requirement for health care workers  https://t.co/GtU0FegsVh,
465,Fri Nov 12 11:53:02 +0000 2021,"Cases: 252,086,306 (+5,577)
Deaths: 5,082,609 (+40)
Recovered: 0 (+0)
Active Cases: 252,086,306 (100%)
Completed Cases: 5,082,609 (2.02%)
Mortality Rate: 2.02% (No Change)
Case Fatality Rate: 100.00% (No Change)

#COVID19 #Coronavirus #StayHome",
985,Thu Nov 11 08:21:15 +0000 2021,"COVID TRUMP Thu, 11 Nov 2021 01:00:00 CST",
732,Thu Nov 11 23:30:19 +0000 2021,New COVID-19 Data at 2021-11-11 06:30:00 pm EST #Coronavirus #COVID19 #COVID_19 https://t.co/WBXg7ACCqK,
344,Fri Nov 12 20:47:06 +0000 2021,"@AnastasiaBarzee I stumbled upon one of your Law &amp; Order: SVU episodes at about 3:00 this morning. I was very surprised by how much the premise of ""Selfish"" (2009) mirrored the current vaccination debate.
https://t.co/CNvM4Aciu3
@HilaryDuff",
132,Sat Nov 13 15:12:01 +0000 2021,"@SammualM
Congratulations on you‚Äôre finally getting to America üá∫üá∏.
I simply can‚Äôt wait.
I‚Äôll be sure to send you pictures, once I‚Äôm reunited with my twin.
I do have a question,
if my flight is at 11:00, does my Covid test have to be taken 3 days before at that particular time?",
287,Sat Nov 13 00:58:13 +0000 2021,"Biden will have a 28 year career first responder fired for the crime of having Natural Immunity to Covid, but rewards illegal aliens $450,000.00 for bringing Covid into the US.

#FJoeBiden",
904,Thu Nov 11 13:30:20 +0000 2021,New COVID-19 Data at 2021-11-11 08:30:00 am EST #Coronavirus #COVID19 #COVID_19 https://t.co/6YoR3YLMJn,
716,Fri Nov 12 13:22:07 +0000 2021,"‚ÄºÔ∏è Appointment-only booster vaccine clinics‚ÄºÔ∏è

‚ñ∂Ô∏è clinics for those who live in Ramsey &amp; surrounding areas where travel is an issue
‚úîÔ∏è 6 months since 2nd dose
üìç Ramsey District Cottage Hospital
üìÖ 13&amp;14 November - 08:45 - 2:00
‚úîÔ∏è Phone 111 or email (vaccinations@gov.im) to book https://t.co/Zl5ImHIAL9",
8,Sat Nov 13 23:17:58 +0000 2021,"What an excellent day, who's coming back for round two tomorrow?

Remember to have your covid requirements to hand to help keep the queue flowing nicely. And yes, tickets will be available on the door!

Sunday opening times 10:00 - 17:00 https://t.co/H7muSNvtO1",
690,Fri Nov 12 07:36:44 +0000 2021,"Welcome to beloved Param Guru Osho's Grand Birthday Celebration at Oshodhara Nanak Dham, Murthal on 11 Dec, 21. üß°

üü° 6.30-8.00 Pm
üü° For booking üìû9671400193/96

One dose of Corona vaccination and prior booking are mandatory.

@SiddharthAulia Ji
#SunoBhaiSadho https://t.co/SADJjF2U4B",
891,Thu Nov 11 14:30:19 +0000 2021,New COVID-19 Data at 2021-11-11 09:30:00 am EST #Coronavirus #COVID19 #COVID_19 https://t.co/UGmZnfJQKf,
440,Fri Nov 12 13:00:00 +0000 2021,"COVID-19 vaccine booster dose clinic TODAY Nov. 12  noon-4:00 at Ottertail Operations Center, 469 Main St, Ottertail for people who received Pfizer, Moderna or J&amp;J vaccines. For more information and to schedule your COVID-19 booster shot visit:  https://t.co/Mo0rMWiEc6 https://t.co/EBz6yItKE2",
994,Thu Nov 11 07:50:03 +0000 2021,"Cases: 251,462,831 (+29,336) 
Deaths: 5,073,411 (+729) 
Recovered: 0 (+0) 
Active Cases: 251,462,831 (100%)
Completed Cases: 5,073,411 (2.02%)
Mortality Rate: 2.02% (No Change)
Case Fatality Rate: 100.00% (No Change)

#COVID19 #Coronavirus #StayHome",
427,Fri Nov 12 13:26:45 +0000 2021,"Austria's Chancellor Schallenberg had said 'if #Covid19 cases continued to rise, unvaccinated people would face new lockdown restrictions in line with govt.'s incremental plan. Strategy being  once coronavirus patients occupy 30% of ICU beds in hospitals'.
https://t.co/M4QCE88Pze https://t.co/JdcICM5AQo https://t.co/YZNgCqjFEW",
394,Fri Nov 12 14:22:18 +0000 2021,"@dm_ghaziabad
On cowin we can book slot of  06:00 PM to 08:00 PM for vaccination, but in DCH Sanjay Nagar, Ghaziabad people were not available around 07:00 pm.
@CMOfficeUP
@RNExtnResidents
@RNextension",
21,Sat Nov 13 22:30:19 +0000 2021,New COVID-19 Data at 2021-11-13 05:30:00 pm EST #Coronavirus #COVID19 #COVID_19 https://t.co/UzuY8Lr3eR,
442,Fri Nov 12 02:49:01 +0000 2021,"COVID19 Vaccination Status (As on 9th November 2021, 8:00 AM)

‚úÖTotal vaccine doses administered (so far): 1,09,08,16,356

‚úÖVaccine doses administered (in last 24 hours): 59,08,440 https://t.co/Sv9Lf9qDSN",
97,Sat Nov 13 17:03:11 +0000 2021,"Climate change is an emergency, so we need to start treating it like one. https://t.co/96qjyq6f8v",
844,Thu Nov 11 16:26:44 +0000 2021,"At 11:00 a.m., I will be joining a Calgary woman who was forced to close her business because she is dealing with long-COVID symptoms. We are still learning how the virus impacts people differently and for some, there are severe health consequences.

We must do more. #abhealth",
796,Thu Nov 11 19:01:58 +0000 2021,"COVID-19 Vaccine Clinic for Children 5-11. Tuesday, November 16 from 3:30 - 7:00 pm. https://t.co/Vt7cRYCrif",
431,Fri Nov 12 14:58:08 +0000 2021,"Big announcement everyone!  We are EXTENDING OUR HOURS for today's walk-in clinic at the Three Rivers building.  We will be open from noon to 3:30 as normal, then from 3:30 to 6:00 we will be open for kids 5-18 ONLY to come get COVID vaccines. https://t.co/2QmLFBCPSM",
155,Sat Nov 13 13:48:03 +0000 2021,"Cases: 252,693,071 (+17,618)
Deaths: 5,092,379 (+0)
Recovered: 0 (+0)
Active Cases: 252,693,071 (100%)
Completed Cases: 5,092,379 (2.02%)
Mortality Rate: 2.02% (No Change)
Case Fatality Rate: 100.00% (No Change)

#COVID19 #Coronavirus #StayHome",
856,Thu Nov 11 16:01:56 +0000 2021,"$RO [15s. delayed]: Issued Press Release on November 11, 11:00:00: CHMP recommends EU approval of Ronapreve to treat non-hospitalised COVID-19 patients and for prophylaxis of the disease https://t.co/08vUQlsPfB",
688,Fri Nov 12 19:39:57 +0000 2021,"We're pleased to partner with @ZooBoise and will be conducting a #COVID19 #vaccination clinic at the zoo on Saturday, Nov. 20 from 10:00 am to 2:00 pm.  Anyone vaccinated that day gets Free admission to the Zoo!  Scan this QR code to register, or come by! #ourcallingisyou https://t.co/kqIICjbstV",
335,Fri Nov 12 16:48:05 +0000 2021,"2021-11-12 10:38:00 | PAPER CIVIL | JOHNSON ST COLU COL, BIRMINGHAM",
890,Thu Nov 11 14:30:21 +0000 2021,Every adult in the U.S. could soon be eligible for a Pfizer COVID-19 booster shot ‚Äî including people who got the Moderna or J&amp;J vaccine for their first doses. https://t.co/PawZNKMpQv https://t.co/JBODx2I6tU,
747,Thu Nov 11 22:14:43 +0000 2021,"@GaryRitz4 @RepDanBishop Funny, had more demand pre Covid with booming economy and gas was $2.00",
49,Sat Nov 13 20:52:02 +0000 2021,"Cases: 252,854,702 (+9,566)
Deaths: 5,093,932 (+0)
Recovered: 0 (+0)
Active Cases: 252,854,702 (100%)
Completed Cases: 5,093,932 (2.01%)
Mortality Rate: 2.01% (No Change)
Case Fatality Rate: 100.00% (No Change)

#COVID19 #Coronavirus #StayHome",
946,Thu Nov 11 11:07:28 +0000 2021,"[Automated]

#COVID India data. As on : 11 Nov 2021, 08:00 IST

Cases: 34,401,670(+13,091)
Active: 138,556(-1,127)
Deaths: 462,189(+340)
Vaccines: 1,102,334,225(+5,754,817)

Disclaimer: https://t.co/vl4PEedYsl",
979,Thu Nov 11 08:54:00 +0000 2021,"So like, I‚Äôm fully supportive of the resurgence of labor movements nationwide following Covid‚Ä¶ But fuck, I miss placed that were open at 3:00 am.",
12,Sat Nov 13 23:00:20 +0000 2021,New COVID-19 Data at 2021-11-13 06:00:01 pm EST #Coronavirus #COVID19 #COVID_19 https://t.co/KJoI7IrRM9,
257,Sat Nov 13 03:06:00 +0000 2021,"Stay Smart. Stay Safe. @MichiganHHS reports today, November 12, 2021, 15,878* new COVID-19 cases &amp; 83** deaths. For * details https://t.co/2tAAcYRyCj. Michigan's total cases are now 1,188,678 &amp; 22,767 deaths. Find the latest data &amp; #COVID19 news at https://t.co/niRBexCYOy. https://t.co/Qif58N66UI",
187,Sat Nov 13 11:28:48 +0000 2021,"üéôÔ∏è #LEADERSHIP #TALK SERIES #392 | Subject Matter Expert (SME) - Digital Transformation in Post Covid Age
üë®üèª‚Äçüè´ Mr.Antarpreet Singh | CEO | Digital HR | Faculty and Researcher-OB &amp; HR
üóìÔ∏è 15/11/2021 (Monday)
üïî 10:00 am
üìçGIBS Business School, Bangalore

#MyGIBS #BBA #PGDM https://t.co/nDo0jzB8xv",
209,Sat Nov 13 09:22:11 +0000 2021,".@dgurdasani1 is spot on here. Us for Them, Hart, Collateral Global, Narice Bernard &amp; his ""Yeadonites"", Clare Craig, Ivor Cummins, Pandata, and everyone else that has used their ""credentials"" to influence MPs &amp; trivialise the effects of covid. You will have caused deaths. https://t.co/AhqtaBTOCi",
75,Sat Nov 13 18:30:19 +0000 2021,New COVID-19 Data at 2021-11-13 01:30:00 pm EST #Coronavirus #COVID19 #COVID_19 https://t.co/DHae7zvAfn,
468,Fri Nov 12 14:55:02 +0000 2021,"Cases: 252,137,836 (+24,022)
Deaths: 5,083,512 (+407)
Recovered: 0 (+0)
Active Cases: 252,137,836 (100%)
Completed Cases: 5,083,512 (2.02%)
Mortality Rate: 2.02% (No Change)
Case Fatality Rate: 100.00% (No Change)

#COVID19 #Coronavirus #StayHome",
380,Fri Nov 12 18:30:40 +0000 2021,@RubinReport Oh really? I‚Äôve never heard of a single person regretting it. Only those who regretted not getting it and having linger covid side effects months after ‚Äúrecovering.‚Äù We must hang with an extremely different crowd or you‚Äôre just full of shit.,
309,Fri Nov 12 09:58:34 +0000 2021,#News AstraZeneca Plans to Start Selling Covid-19 Vaccines at Profit: ¬†Source: AstraZeneca Plans to Start Selling Covid-19 Vaccines at Profit Discovered on: 2021-11-12 09:30:00 AstraZeneca PLC said it would start pricing its Covid-19 vaccine to make it‚Ä¶ https://t.co/xXrlAW6Jqx https://t.co/rrkEr19cqb,
683,Fri Nov 12 19:07:08 +0000 2021,"We have a COVID-19 community vaccine clinic for ages 5-11 tomorrow, November 13 from 9:00 am-1:00 pm at Pathway Pediatrics! You don't have to be a patient. Schedule here: https://t.co/jJAEA6rfJK

#rochesterny https://t.co/vGYdjVGWRx",
84,Sat Nov 13 18:07:12 +0000 2021,#Coronavirus #COVID19 Global Cases by Johns Hopkins CSSE as of 11/13/21 12:00 CDT https://t.co/TFW7MkdeJY,
74,Sat Nov 13 18:39:48 +0000 2021,"According to Mr. @AlbertBourla the Taiwanese health authority must be ""criminals.""

Taiwan halts 2nd-dose BioNTech vaccinations for ages 12-17 amid concerns of myocarditis | Taiwan News | 2021-11-10 15:42:00
#Corona #myocarditis #COVID #coronabeleid https://t.co/pjodLBF5U6",
808,Thu Nov 11 18:30:19 +0000 2021,New COVID-19 Data at 2021-11-11 01:30:00 pm EST #Coronavirus #COVID19 #COVID_19 https://t.co/mTNPSjad6F,
80,Sat Nov 13 18:21:56 +0000 2021,"Our Ivy Community Foundation, Incorporated will present its Beautillion tonight 11/13/21 at 6:00 PM. Because of Covid 19 restrictions, the event will be livestreamed. Watch live @ https://t.co/Kwp6sseeHO",
674,Fri Nov 12 16:21:25 +0000 2021,"Vaccination Opportunity to take place today at Ogden Elementary School on November 11, 2021 from 8 am - 4:00 pm. Click link for more information.
Ages 5-11: https://t.co/xIlz3aG1li
Ages 12 and up: https://t.co/qtOonObqYi
@AshleyJ146_ @roberson_je @GomezTempleton @Aldine_FACE",
124,Sat Nov 13 15:29:20 +0000 2021,"@That_Coast @FacePuncher500 @RBReich What assumptions? It became known on November 3rd that Aaron Rogers had COVID and he LIED and said he was vaccinated!  That is NOT an assumption.  Is the football league fining him $14,000.00 just for fun?",
628,Fri Nov 12 12:10:54 +0000 2021,"Status of fully vaccinated

State wise 2nd dose vaccination coverage as per the GoI Co-WIN dashboard
12th Nov, 07:00 AM

UP: 3,65,46,099
Maharashtra: 3,26,92,890
Gujarat: 2,83,67,757
Karnataka: 2,46,29,827
MP: 2,41,37,189
West Bengal: 2,37,68,725",
178,Sat Nov 13 12:00:18 +0000 2021,New COVID-19 Data at 2021-11-13 07:00:00 am EST #Coronavirus #COVID19 #COVID_19 https://t.co/qkR5IUMLDB,
205,Sat Nov 13 09:40:01 +0000 2021,"Millions are dying unnecessarily from COVID because of selfishness, greed and a perverse misunderstanding of human freedom https://t.co/5QPRUpN0x1",
273,Sat Nov 13 01:53:13 +0000 2021,"@ViperX83 @PandorasBX @inthenewlife @RWMaloneMD I did not suggest that. That is a fact, it‚Äôs done because of the patent Pfizer has for it‚Ä¶. The ridiculous one is you.",
480,Fri Nov 12 23:05:02 +0000 2021,"Children's Vaccine Clinic:
Saturday, November 20 from 4:00 PM to 7:00 PM at the Father Duenas Memorial School Phoenix Center.
Children's Vaccine Clinic

Make an appointment at https://t.co/JfKh2ULPzh https://t.co/yHtb9Zfp0y",
204,Sat Nov 13 09:43:34 +0000 2021,"$4,346,700.00 of shares sold by Bancel Stephane (Chief Executive Officer), reported in a new form 4 filed with the SEC  $MRNA https://t.co/RwWKaYNzXA",
90,Sat Nov 13 17:36:46 +0000 2021,"Ikuti Economic Outlook 2022 webinar, The Light at the End of the Tunnel: Optimism of Economic Recovery after Covid-19 Pandemic  persembahan PermataBank dan Bangkok Bank.
Rabu, 17 November 2021
Jam 14.00 ‚Äì 16.00
See you around! https://t.co/uHyoCsYjYX",
430,Fri Nov 12 01:22:46 +0000 2021,"Bhubaneswar #COVIDVaccinationUpdate

The COVID19 Vaccine Doses administered as on
10th November 2021 till 9.00 PM

#BhubaneswarVaccinationDrive https://t.co/SXAYDUuAvI",
446,Fri Nov 12 17:48:34 +0000 2021,"Cases are rising and Doug Ford continues to fight against strong vaccine mandates. We can‚Äôt let him drag us into a fifth wave by refusing to take action.

Vaccines, masking, and ventilation are crucial right now. Time to protect Ontarians before cases surge. #onpoli https://t.co/YjSh6H5tey",
77,Sat Nov 13 18:23:57 +0000 2021,"@Rohan48123537 @cbseindia29 @Cbse_official #cbseterm1online equality before law . Government is not thinking of #future  if a  1 boy gets COVID then 1 boy =8 family members and 100,000√ó8 = 8,00,000 then this 8lakhs people to 1000√ó8,00,000 this will again come 3 Wave then earth will be no longer #OnlineExamsForCBSEandICSE",
140,Sat Nov 13 14:52:46 +0000 2021,"#1YearOfCWC2
Bhat sir : It is nothing less than a family
This family is the reason for the emerging of rac family ‚ù§Ô∏è
Thank you all for entertaining us in the COVID times üôè https://t.co/HW6wMWuL3K",
444,Fri Nov 12 16:00:41 +0000 2021,"Canadians with at least one dose:
‚ñì‚ñì‚ñì‚ñì‚ñì‚ñì‚ñì‚ñì‚ñì‚ñì‚ñì‚ñì‚ñë‚ñë‚ñë 80.74%

Canadians fully vaccinated:
‚ñì‚ñì‚ñì‚ñì‚ñì‚ñì‚ñì‚ñì‚ñì‚ñì‚ñì‚ñë‚ñë‚ñë‚ñë 75.00%

#COVID19Canada #vaccine",
41,Sat Nov 13 21:25:11 +0000 2021,"I mean... So far 4 for 4. Dengue, Zika, Chikungunya and a ""Universal coronavirus vaccine"" $OCGN #COVAXIN #VaxThera #Vaccigen #Ocugen

Oh and see who that partner is? @IVIHeadquarters https://t.co/AZxaKYdL2t

Yeah. Mic-drop. See you at 100.00+ https://t.co/4MhyjB2EQL",
715,Fri Nov 12 13:02:37 +0000 2021,"‚ÄúüçèTHOCùêøùëñùë£ùëí‚Ñ¢: WHO ARE YOU &amp; WHAT are YOU BORN to CREATE! üî¥Rec‚Äù with Delano A. Johnson, @LucressI, @equality7phd, @MoniqueLisa40, @JillLifeWealth, @coolrooment, Melikia Courtney, Grace Holden #creativity #live at 8:00 AM EST in @clubhouse! https://t.co/vwY6DB8ekI",
403,Fri Nov 12 12:55:57 +0000 2021,"@mmmvanderwalt https://t.co/MneMq1pIxx
Well then this is also not far fetched ...
‚ùó‚ùó‚ùó‚ùó‚ùó
If you wondered the schools are getting paid to mask the kids ü§®

They are paying the schools for following the covid regulations...
 its about $3000.00 a child that wears a mask ü§∑üèª‚Äç‚ôÄÔ∏è",
733,Thu Nov 11 23:29:56 +0000 2021,"#mvmf2021 #mvmf2022 #paintnight #paintlounge #broadtree @MainMarkham 
.
Festival Pop-Up Sat Nov 20 7:00-9:30 pm. Tickets are $45 for in studio (limited as per Covid-19 protocols) or virtual. Registration link in our profile and here https://t.co/bCrWgzuL6F https://t.co/4vvGvB6hH6",
212,Sat Nov 13 09:14:38 +0000 2021,Stunning video: How mRNA vaccines teach our immune system to fight coronavirus. Share! https://t.co/XqBOLIYWmu,
238,Sat Nov 13 05:56:03 +0000 2021,"Cases: 252,526,185 (+11,912)
Deaths: 5,088,442 (+0)
Recovered: 0 (+0)
Active Cases: 252,526,185 (100%)
Completed Cases: 5,088,442 (2.02%)
Mortality Rate: 2.02% (No Change)
Case Fatality Rate: 100.00% (No Change)

#COVID19 #Coronavirus #StayHome",
362,Fri Nov 12 09:12:07 +0000 2021,"@Kylecollins_00 @Broni_m @eoinmauricedaly @imoshedinheels ..I'm not saying what I encountered was right or wrong, just what it was like. These are crap times in terms of COVID &amp; the housing market &amp; hope everyone gets to enjoy college years in a safe env.",
937,Thu Nov 11 12:00:19 +0000 2021,New COVID-19 Data at 2021-11-11 07:00:00 am EST #Coronavirus #COVID19 #COVID_19 https://t.co/byXRGgWiTX,
181,Sat Nov 13 11:47:02 +0000 2021,"[Webinar] What Does OSHA‚Äôs COVID-19 ETS Mean for New York Employers? - November 16th, 1:00 pm ET https://t.co/hSVduFLhiG",
476,Fri Nov 12 22:49:03 +0000 2021,"Cases: 252,388,782 (+48,428)
Deaths: 5,086,683 (+981)
Recovered: 0 (+0)
Active Cases: 252,388,782 (100%)
Completed Cases: 5,086,683 (2.02%)
Mortality Rate: 2.02% (No Change)
Case Fatality Rate: 100.00% (No Change)

#COVID19 #Coronavirus #StayHome",
102,Sat Nov 13 16:56:19 +0000 2021,"https://t.co/c1SEviKkAw
#Dutch #covid19 November 13 #interactive #Dashboard

Positive #cases:+13848 (2.283.083)
In #Hospital, #RIVM:+42 (34.297)
In Hospital, NICE from 12:00 AM:+12 (65.745)
#Deaths:+33 (18.728)

#Netherlands #CodeBlack #Vaccine #StaySafe  #QRcode #Lockdown #WHO https://t.co/k0LMEBtQ0P",
61,Sat Nov 13 19:50:03 +0000 2021,"Cases: 252,845,136 (+14,752)
Deaths: 5,093,639 (+0)
Recovered: 0 (+0)
Active Cases: 252,845,136 (100%)
Completed Cases: 5,093,639 (2.01%)
Mortality Rate: 2.01% (No Change)
Case Fatality Rate: 100.00% (No Change)

#COVID19 #Coronavirus #StayHome",
554,Fri Nov 12 18:35:48 +0000 2021,"I‚Äôll be giving a talk on collecting time diaries during the COVID-19 pandemic as well as demonstrating the diary I developed w/ @longdoan and @LCHSayer on Tuesday, November 16th, 11:00 ‚Äì 12:00 CET

If interested, feel free to message me for the Zoom link",
911,Thu Nov 11 13:01:14 +0000 2021,"We have two COVID-19 community vaccine clinics this week for ages 5-11 at Pathway Pediatrics!
*TODAY from 9:00 am-4:00 pm 
*Saturday, November 13 from 9:00 am-1:00 pm 
Schedule here: https://t.co/jJAEA6rfJK

#rochesterny https://t.co/6e5cSC0bHo",
359,Fri Nov 12 23:48:49 +0000 2021,@JKCorden @Fulwell73 @bigboturner It is hence forth called Johnson or Johnson üôÑ Mark has me in a corner for being stupid so I can't comment on it.üôÑ yeah yeah I'm better at being GOD ü§≠ I can prove it too üòÅ üòí but don't care to be GOD hours never stop pay is 0.00 and when I prove it üò≥ it gets weird. https://t.co/DzMmPVUii0,
799,Thu Nov 11 18:57:59 +0000 2021,Viewers of these news outlets are most likely to believe COVID-19 myths https://t.co/0fT0Z2xPNW,
696,Fri Nov 12 12:08:15 +0000 2021,"With COVID-19, Business has gone down but Businesses are winning it online. That's why Palscity brings you a Digitally Fit Awards. Register for A zoom DFA Nomination Briefing on Nov 18 at 10.00 a.m here
https://t.co/CZ5MvI6RHq #DigitallyFitAwards https://t.co/bcaBqxZj5y",
981,Thu Nov 11 08:47:44 +0000 2021,Workers at BHP's Hunter Valley coal mine stood down due to COVID-19 vaccine mandate https://t.co/Jdhqvdn0Hs,
942,Thu Nov 11 11:40:20 +0000 2021,"Personal Resilience Course with  @Age_Opp &amp; @CountyKildareLP

üìÖ November 15th, 22th, 29th &amp; 6th December.
‚è∞10:00 - 12:00

The course will facilitate personal reflection on the experience of Covid-19

For more info, contact Caroline at oldervoiceskildare@countykildarelp.ie https://t.co/0F14mzw9Av",
63,Sat Nov 13 19:39:51 +0000 2021,HAPPENING NOW: Our Kids COVID-19 Vaccination Clinic is taking place now through 6:00 PM this evening at the Sports &amp; Learning Complex in Landover. Prince George‚Äôs County children and adults who live or work in the County can stop by to get a first dose or a booster. https://t.co/RGjuZayCMo,
249,Sat Nov 13 04:13:51 +0000 2021,Yay ! ACT has 100.00% covid vaccine coverage on first doses and nearly that fully vaccinated ! That means there are virtually no real anti-vaxers there and maybe the same across Australia in the end. Just keep plugging along and we'll get all soon üëç,
27,Sat Nov 13 22:10:25 +0000 2021,"@SAP__00 @maximumcharacte Interestingly, those who abuse androgens are high risk of severe covid",
91,Sat Nov 13 17:36:16 +0000 2021,Sunday Cycle 14th Nov departs WGH NS at 09.00 61K. RSVP if going. COVID Protocols¬†apply. https://t.co/R429omqGEK,
654,Fri Nov 12 08:00:02 +0000 2021,"This weekend is Vooma Weekend again!
If you have not been vaccinated yet, go to Hermanus CDC in Swartdam Road on Saturday 13 November 2021 between 09:00 and 14:00.
People 12 years and older are welcome. Vaccination is quick, safe and free. https://t.co/JwNYheXZJD",
827,Thu Nov 11 17:15:20 +0000 2021,"Covid-19 Bulletin #Nagaland status as on 11th November 2021 at 5:00 PM.
#TogetherWeCan
#NagalandAgainstCovid19
#FlattenTheCurve 
@dipr_nagaland @StateDisaster @ddnewskohima @airnews_kohima 
Source-@HealthNagaland https://t.co/62c9qDTk4G",
665,Fri Nov 12 23:55:23 +0000 2021,Top CDC official told Congress migrant expulsion policy was not needed to contain COVID https://t.co/AeSAfjYaoe,
765,Thu Nov 11 21:00:57 +0000 2021,"The Healthy Flint Research Coordinating Center is providing a FREE webinar TOMORROW, Friday, 11/12/21, from 12:00 p.m. to 1:00 p.m. which will focus on a variety of topics relating to COVID-19 updates and information.

Register online at https://t.co/C40BQh0GhI https://t.co/yTWMUhpIDG",
114,Sat Nov 13 15:52:00 +0000 2021,5th U.S. Circuit Court of Appeals upholds federal court's ban on OSHA compulsory vax rules. https://t.co/i8e4sDbTjD,
477,Fri Nov 12 23:51:03 +0000 2021,"Cases: 252,400,461 (+11,679)
Deaths: 5,086,742 (+59)
Recovered: 0 (+0)
Active Cases: 252,400,461 (100%)
Completed Cases: 5,086,742 (2.02%)
Mortality Rate: 2.02% (No Change)
Case Fatality Rate: 100.00% (No Change)

#COVID19 #Coronavirus #StayHome",
485,Fri Nov 12 21:25:30 +0000 2021,"Confirmed Covid case in Taupo. It's coming people, please vaccinate, Use the hygiene procedures, scan in, scan in, take your own pens out with you &amp; sanitize them often, scan in.",
506,Fri Nov 12 09:46:46 +0000 2021,"FYI, please retweet for reach: webinar on managing Long Covid symptoms with cannabinoid therapy, organized by The Medical Cannabis Clinicians Society (Tue. 30th Nov. 2021, 19:00 ‚Äì 20:00 London time). No charge. https://t.co/ahlyv6zgCr #LongCovid #MedicalCannabis",
495,Fri Nov 12 19:04:40 +0000 2021,"Doesn't sound like China has much faith in their COVID tests, now does it???

Overseas travelers arriving in a major Chinese city are required to quarantine for 56 days ‚Äî that's 28 days in a hotel and 28 days at home
Kate Duffy, Nov 11, 2021, 5:00 AM
https://t.co/Dj0U9Ux5CL",
719,Fri Nov 12 22:13:36 +0000 2021,"üèÜüêæPantherNationüêæüèÜ
Gameday!! Come out to the Bill Johnson S.A.C. &amp; wear black!!

üèÜBi-District ChampionshipüèÜ

üêæSouth Panthers‚Äî
ü¶ÖHarlan Hawks

üï∞7:00 pm kickoff

üèüUISD Bill Johnson S.A.C.

#RISEwithUSüêæ https://t.co/aq8GguOTcg",
